name,supply_technology,supply_node,geography,other_index_1,capacity_or_energy_unit,time_unit,interpolation_method,extrapolation_method,extrapolation_growth,geography_map_key,source,notes,gau,oth_1,demand_sector,year,value,resource_bin
Baseline New Large Hydro post 2030,large hydro power plant,Dispatchable Hydroelectric Power Plants,mexico,,megawatt,,linear_interpolation,none,,,,,mx,,,2031,16975.0,
Baseline New Large Hydro post 2030,large hydro power plant,Dispatchable Hydroelectric Power Plants,mexico,,megawatt,,linear_interpolation,none,,,,,mx,,,2040,33950.0,
Baseline New Large Hydro post 2030,large hydro power plant,Dispatchable Hydroelectric Power Plants,mexico,,megawatt,,linear_interpolation,none,,,,,mx,,,2050,33950.0,
Delayed High Renewables Battery Storage,,Bulk Electricity Storage,mexico,,gigawatt,,linear_interpolation,none,,,,,mx,,,2030,0.0,
Delayed High Renewables Battery Storage,,Bulk Electricity Storage,mexico,,gigawatt,,linear_interpolation,none,,,,,mx,,,2050,20.0,
Delayed w Steep Cumulative Target High Renewables Battery Storage,,Bulk Electricity Storage,mexico,,gigawatt,,linear_interpolation,none,,,,,mx,,,2030,0.0,
Delayed w Steep Cumulative Target High Renewables Battery Storage,,Bulk Electricity Storage,mexico,,gigawatt,,linear_interpolation,none,,,,,mx,,,2038,20.0,
Delayed w Steep Cumulative Target High Renewables Battery Storage,,Bulk Electricity Storage,mexico,,gigawatt,,linear_interpolation,none,,,,,mx,,,2050,20.0,
High Renewables Battery Storage,,Bulk Electricity Storage,mexico,,gigawatt,,linear_interpolation,none,,,,,mx,,,2025,0.0,
High Renewables Battery Storage,,Bulk Electricity Storage,mexico,,gigawatt,,linear_interpolation,none,,,,,mx,,,2050,20.0,
PRODESN CCGT,gas combined cycle power plant,Combined-Cycle Gas Turbines,mexico,,megawatt,,linear_interpolation,none,,,,,mx,,,2017,30311.04,
PRODESN CCGT,gas combined cycle power plant,Combined-Cycle Gas Turbines,mexico,,megawatt,,linear_interpolation,none,,,,,mx,,,2018,32571.56,
PRODESN CCGT,gas combined cycle power plant,Combined-Cycle Gas Turbines,mexico,,megawatt,,linear_interpolation,none,,,,,mx,,,2019,38021.26,
PRODESN CCGT,gas combined cycle power plant,Combined-Cycle Gas Turbines,mexico,,megawatt,,linear_interpolation,none,,,,,mx,,,2020,41054.83,
PRODESN CCGT,gas combined cycle power plant,Combined-Cycle Gas Turbines,mexico,,megawatt,,linear_interpolation,none,,,,,mx,,,2021,40592.32,
PRODESN CCGT,gas combined cycle power plant,Combined-Cycle Gas Turbines,mexico,,megawatt,,linear_interpolation,none,,,,,mx,,,2022,40592.32,
PRODESN CCGT,gas combined cycle power plant,Combined-Cycle Gas Turbines,mexico,,megawatt,,linear_interpolation,none,,,,,mx,,,2023,40592.32,
PRODESN CCGT,gas combined cycle power plant,Combined-Cycle Gas Turbines,mexico,,megawatt,,linear_interpolation,none,,,,,mx,,,2024,40592.32,
PRODESN CCGT,gas combined cycle power plant,Combined-Cycle Gas Turbines,mexico,,megawatt,,linear_interpolation,none,,,,,mx,,,2025,40592.32,
PRODESN CCGT,gas combined cycle power plant,Combined-Cycle Gas Turbines,mexico,,megawatt,,linear_interpolation,none,,,,,mx,,,2026,40655.35,
PRODESN CCGT,gas combined cycle power plant,Combined-Cycle Gas Turbines,mexico,,megawatt,,linear_interpolation,none,,,,,mx,,,2027,40772.35,
PRODESN CCGT,gas combined cycle power plant,Combined-Cycle Gas Turbines,mexico,,megawatt,,linear_interpolation,none,,,,,mx,,,2028,41412.59,
PRODESN CCGT,gas combined cycle power plant,Combined-Cycle Gas Turbines,mexico,,megawatt,,linear_interpolation,none,,,,,mx,,,2029,42013.59,
PRODESN CCGT,gas combined cycle power plant,Combined-Cycle Gas Turbines,mexico,,megawatt,,linear_interpolation,none,,,,,mx,,,2030,42642.67,
PRODESN Coal,pulverized coal power plant,Coal Power Plants,mexico,,megawatt,,linear_interpolation,none,,,,,mx,,,2017,5378.36,
PRODESN Coal,pulverized coal power plant,Coal Power Plants,mexico,,megawatt,,linear_interpolation,none,,,,,mx,,,2018,5378.36,
PRODESN Coal,pulverized coal power plant,Coal Power Plants,mexico,,megawatt,,linear_interpolation,none,,,,,mx,,,2019,5498.36,
PRODESN Coal,pulverized coal power plant,Coal Power Plants,mexico,,megawatt,,linear_interpolation,none,,,,,mx,,,2020,5498.36,
PRODESN Coal,pulverized coal power plant,Coal Power Plants,mexico,,megawatt,,linear_interpolation,none,,,,,mx,,,2021,5498.36,
PRODESN Coal,pulverized coal power plant,Coal Power Plants,mexico,,megawatt,,linear_interpolation,none,,,,,mx,,,2022,5498.36,
PRODESN Coal,pulverized coal power plant,Coal Power Plants,mexico,,megawatt,,linear_interpolation,none,,,,,mx,,,2023,5498.36,
PRODESN Coal,pulverized coal power plant,Coal Power Plants,mexico,,megawatt,,linear_interpolation,none,,,,,mx,,,2024,5498.36,
PRODESN Coal,pulverized coal power plant,Coal Power Plants,mexico,,megawatt,,linear_interpolation,none,,,,,mx,,,2025,5498.36,
PRODESN Coal,pulverized coal power plant,Coal Power Plants,mexico,,megawatt,,linear_interpolation,none,,,,,mx,,,2026,5498.36,
PRODESN Coal,pulverized coal power plant,Coal Power Plants,mexico,,megawatt,,linear_interpolation,none,,,,,mx,,,2027,5498.36,
PRODESN Coal,pulverized coal power plant,Coal Power Plants,mexico,,megawatt,,linear_interpolation,none,,,,,mx,,,2028,4798.36,
PRODESN Coal,pulverized coal power plant,Coal Power Plants,mexico,,megawatt,,linear_interpolation,none,,,,,mx,,,2029,4098.36,
PRODESN Coal,pulverized coal power plant,Coal Power Plants,mexico,,megawatt,,linear_interpolation,none,,,,,mx,,,2030,4098.36,
PRODESN Diesel ICE,Diesel ICE,Internal Combustion Engines,mexico,,megawatt,,linear_interpolation,none,,,,,mx,,,2017,656.9060000000001,
PRODESN Diesel ICE,Diesel ICE,Internal Combustion Engines,mexico,,megawatt,,linear_interpolation,none,,,,,mx,,,2018,656.9060000000001,
PRODESN Diesel ICE,Diesel ICE,Internal Combustion Engines,mexico,,megawatt,,linear_interpolation,none,,,,,mx,,,2019,656.9060000000001,
PRODESN Diesel ICE,Diesel ICE,Internal Combustion Engines,mexico,,megawatt,,linear_interpolation,none,,,,,mx,,,2020,656.9060000000001,
PRODESN Diesel ICE,Diesel ICE,Internal Combustion Engines,mexico,,megawatt,,linear_interpolation,none,,,,,mx,,,2021,656.9060000000001,
PRODESN Diesel ICE,Diesel ICE,Internal Combustion Engines,mexico,,megawatt,,linear_interpolation,none,,,,,mx,,,2022,656.9060000000001,
PRODESN Diesel ICE,Diesel ICE,Internal Combustion Engines,mexico,,megawatt,,linear_interpolation,none,,,,,mx,,,2023,656.9060000000001,
PRODESN Diesel ICE,Diesel ICE,Internal Combustion Engines,mexico,,megawatt,,linear_interpolation,none,,,,,mx,,,2024,656.9060000000001,
PRODESN Diesel ICE,Diesel ICE,Internal Combustion Engines,mexico,,megawatt,,linear_interpolation,none,,,,,mx,,,2025,656.9060000000001,
PRODESN Diesel ICE,Diesel ICE,Internal Combustion Engines,mexico,,megawatt,,linear_interpolation,none,,,,,mx,,,2026,656.9060000000001,
PRODESN Diesel ICE,Diesel ICE,Internal Combustion Engines,mexico,,megawatt,,linear_interpolation,none,,,,,mx,,,2027,656.9060000000001,
PRODESN Diesel ICE,Diesel ICE,Internal Combustion Engines,mexico,,megawatt,,linear_interpolation,none,,,,,mx,,,2028,656.9060000000001,
PRODESN Diesel ICE,Diesel ICE,Internal Combustion Engines,mexico,,megawatt,,linear_interpolation,none,,,,,mx,,,2029,656.9060000000001,
PRODESN Diesel ICE,Diesel ICE,Internal Combustion Engines,mexico,,megawatt,,linear_interpolation,none,,,,,mx,,,2030,656.9060000000001,
PRODESN Diesel ICE with 2050 Retirement,Diesel ICE,Internal Combustion Engines,mexico,,megawatt,,linear_interpolation,none,,,,,mx,,,2017,656.9060000000001,
PRODESN Diesel ICE with 2050 Retirement,Diesel ICE,Internal Combustion Engines,mexico,,megawatt,,linear_interpolation,none,,,,,mx,,,2018,656.9060000000001,
PRODESN Diesel ICE with 2050 Retirement,Diesel ICE,Internal Combustion Engines,mexico,,megawatt,,linear_interpolation,none,,,,,mx,,,2019,656.9060000000001,
PRODESN Diesel ICE with 2050 Retirement,Diesel ICE,Internal Combustion Engines,mexico,,megawatt,,linear_interpolation,none,,,,,mx,,,2020,656.9060000000001,
PRODESN Diesel ICE with 2050 Retirement,Diesel ICE,Internal Combustion Engines,mexico,,megawatt,,linear_interpolation,none,,,,,mx,,,2021,656.9060000000001,
PRODESN Diesel ICE with 2050 Retirement,Diesel ICE,Internal Combustion Engines,mexico,,megawatt,,linear_interpolation,none,,,,,mx,,,2022,656.9060000000001,
PRODESN Diesel ICE with 2050 Retirement,Diesel ICE,Internal Combustion Engines,mexico,,megawatt,,linear_interpolation,none,,,,,mx,,,2023,656.9060000000001,
PRODESN Diesel ICE with 2050 Retirement,Diesel ICE,Internal Combustion Engines,mexico,,megawatt,,linear_interpolation,none,,,,,mx,,,2024,656.9060000000001,
PRODESN Diesel ICE with 2050 Retirement,Diesel ICE,Internal Combustion Engines,mexico,,megawatt,,linear_interpolation,none,,,,,mx,,,2025,656.9060000000001,
PRODESN Diesel ICE with 2050 Retirement,Diesel ICE,Internal Combustion Engines,mexico,,megawatt,,linear_interpolation,none,,,,,mx,,,2026,656.9060000000001,
PRODESN Diesel ICE with 2050 Retirement,Diesel ICE,Internal Combustion Engines,mexico,,megawatt,,linear_interpolation,none,,,,,mx,,,2027,656.9060000000001,
PRODESN Diesel ICE with 2050 Retirement,Diesel ICE,Internal Combustion Engines,mexico,,megawatt,,linear_interpolation,none,,,,,mx,,,2028,656.9060000000001,
PRODESN Diesel ICE with 2050 Retirement,Diesel ICE,Internal Combustion Engines,mexico,,megawatt,,linear_interpolation,none,,,,,mx,,,2029,656.9060000000001,
PRODESN Diesel ICE with 2050 Retirement,Diesel ICE,Internal Combustion Engines,mexico,,megawatt,,linear_interpolation,none,,,,,mx,,,2030,656.9060000000001,
PRODESN Diesel ICE with 2050 Retirement,Diesel ICE,Internal Combustion Engines,mexico,,megawatt,,linear_interpolation,none,,,,,mx,,,2050,0.0,
PRODESN Distillate Oil Combustion Turbine,distillate oil combustion turbine power plant,Combustion Turbines,mexico,,megawatt,,linear_interpolation,none,,,,,mx,,,2017,838.84,
PRODESN Distillate Oil Combustion Turbine,distillate oil combustion turbine power plant,Combustion Turbines,mexico,,megawatt,,linear_interpolation,none,,,,,mx,,,2018,838.84,
PRODESN Distillate Oil Combustion Turbine,distillate oil combustion turbine power plant,Combustion Turbines,mexico,,megawatt,,linear_interpolation,none,,,,,mx,,,2019,782.84,
PRODESN Distillate Oil Combustion Turbine,distillate oil combustion turbine power plant,Combustion Turbines,mexico,,megawatt,,linear_interpolation,none,,,,,mx,,,2020,782.84,
PRODESN Distillate Oil Combustion Turbine,distillate oil combustion turbine power plant,Combustion Turbines,mexico,,megawatt,,linear_interpolation,none,,,,,mx,,,2021,696.84,
PRODESN Distillate Oil Combustion Turbine,distillate oil combustion turbine power plant,Combustion Turbines,mexico,,megawatt,,linear_interpolation,none,,,,,mx,,,2022,318.49,
PRODESN Distillate Oil Combustion Turbine,distillate oil combustion turbine power plant,Combustion Turbines,mexico,,megawatt,,linear_interpolation,none,,,,,mx,,,2023,291.06,
PRODESN Distillate Oil Combustion Turbine,distillate oil combustion turbine power plant,Combustion Turbines,mexico,,megawatt,,linear_interpolation,none,,,,,mx,,,2024,275.06,
PRODESN Distillate Oil Combustion Turbine,distillate oil combustion turbine power plant,Combustion Turbines,mexico,,megawatt,,linear_interpolation,none,,,,,mx,,,2025,261.06,
PRODESN Distillate Oil Combustion Turbine,distillate oil combustion turbine power plant,Combustion Turbines,mexico,,megawatt,,linear_interpolation,none,,,,,mx,,,2026,68.06,
PRODESN Distillate Oil Combustion Turbine,distillate oil combustion turbine power plant,Combustion Turbines,mexico,,megawatt,,linear_interpolation,none,,,,,mx,,,2027,68.06,
PRODESN Distillate Oil Combustion Turbine,distillate oil combustion turbine power plant,Combustion Turbines,mexico,,megawatt,,linear_interpolation,none,,,,,mx,,,2028,68.06,
PRODESN Distillate Oil Combustion Turbine,distillate oil combustion turbine power plant,Combustion Turbines,mexico,,megawatt,,linear_interpolation,none,,,,,mx,,,2029,68.06,
PRODESN Distillate Oil Combustion Turbine,distillate oil combustion turbine power plant,Combustion Turbines,mexico,,megawatt,,linear_interpolation,none,,,,,mx,,,2030,68.06,
PRODESN Distillate Oil Steam Turbine,distillate oil steam turbine power plant,Fossil Steam Turbines,mexico,,megawatt,,linear_interpolation,none,,,,,mx,,,2017,128.0,
PRODESN Distillate Oil Steam Turbine,distillate oil steam turbine power plant,Fossil Steam Turbines,mexico,,megawatt,,linear_interpolation,none,,,,,mx,,,2018,128.0,
PRODESN Distillate Oil Steam Turbine,distillate oil steam turbine power plant,Fossil Steam Turbines,mexico,,megawatt,,linear_interpolation,none,,,,,mx,,,2019,128.0,
PRODESN Distillate Oil Steam Turbine,distillate oil steam turbine power plant,Fossil Steam Turbines,mexico,,megawatt,,linear_interpolation,none,,,,,mx,,,2020,128.0,
PRODESN Distillate Oil Steam Turbine,distillate oil steam turbine power plant,Fossil Steam Turbines,mexico,,megawatt,,linear_interpolation,none,,,,,mx,,,2021,128.0,
PRODESN Distillate Oil Steam Turbine,distillate oil steam turbine power plant,Fossil Steam Turbines,mexico,,megawatt,,linear_interpolation,none,,,,,mx,,,2022,128.0,
PRODESN Distillate Oil Steam Turbine,distillate oil steam turbine power plant,Fossil Steam Turbines,mexico,,megawatt,,linear_interpolation,none,,,,,mx,,,2023,128.0,
PRODESN Distillate Oil Steam Turbine,distillate oil steam turbine power plant,Fossil Steam Turbines,mexico,,megawatt,,linear_interpolation,none,,,,,mx,,,2024,128.0,
PRODESN Distillate Oil Steam Turbine,distillate oil steam turbine power plant,Fossil Steam Turbines,mexico,,megawatt,,linear_interpolation,none,,,,,mx,,,2025,128.0,
PRODESN Distillate Oil Steam Turbine,distillate oil steam turbine power plant,Fossil Steam Turbines,mexico,,megawatt,,linear_interpolation,none,,,,,mx,,,2026,128.0,
PRODESN Distillate Oil Steam Turbine,distillate oil steam turbine power plant,Fossil Steam Turbines,mexico,,megawatt,,linear_interpolation,none,,,,,mx,,,2027,128.0,
PRODESN Distillate Oil Steam Turbine,distillate oil steam turbine power plant,Fossil Steam Turbines,mexico,,megawatt,,linear_interpolation,none,,,,,mx,,,2028,128.0,
PRODESN Distillate Oil Steam Turbine,distillate oil steam turbine power plant,Fossil Steam Turbines,mexico,,megawatt,,linear_interpolation,none,,,,,mx,,,2029,128.0,
PRODESN Distillate Oil Steam Turbine,distillate oil steam turbine power plant,Fossil Steam Turbines,mexico,,megawatt,,linear_interpolation,none,,,,,mx,,,2030,128.0,
PRODESN Distillate Oil Steam Turbine with 2050 Retirement,distillate oil steam turbine power plant,Fossil Steam Turbines,mexico,,megawatt,,linear_interpolation,none,,,,,mx,,,2017,128.0,
PRODESN Distillate Oil Steam Turbine with 2050 Retirement,distillate oil steam turbine power plant,Fossil Steam Turbines,mexico,,megawatt,,linear_interpolation,none,,,,,mx,,,2018,128.0,
PRODESN Distillate Oil Steam Turbine with 2050 Retirement,distillate oil steam turbine power plant,Fossil Steam Turbines,mexico,,megawatt,,linear_interpolation,none,,,,,mx,,,2019,128.0,
PRODESN Distillate Oil Steam Turbine with 2050 Retirement,distillate oil steam turbine power plant,Fossil Steam Turbines,mexico,,megawatt,,linear_interpolation,none,,,,,mx,,,2020,128.0,
PRODESN Distillate Oil Steam Turbine with 2050 Retirement,distillate oil steam turbine power plant,Fossil Steam Turbines,mexico,,megawatt,,linear_interpolation,none,,,,,mx,,,2021,128.0,
PRODESN Distillate Oil Steam Turbine with 2050 Retirement,distillate oil steam turbine power plant,Fossil Steam Turbines,mexico,,megawatt,,linear_interpolation,none,,,,,mx,,,2022,128.0,
PRODESN Distillate Oil Steam Turbine with 2050 Retirement,distillate oil steam turbine power plant,Fossil Steam Turbines,mexico,,megawatt,,linear_interpolation,none,,,,,mx,,,2023,128.0,
PRODESN Distillate Oil Steam Turbine with 2050 Retirement,distillate oil steam turbine power plant,Fossil Steam Turbines,mexico,,megawatt,,linear_interpolation,none,,,,,mx,,,2024,128.0,
PRODESN Distillate Oil Steam Turbine with 2050 Retirement,distillate oil steam turbine power plant,Fossil Steam Turbines,mexico,,megawatt,,linear_interpolation,none,,,,,mx,,,2025,128.0,
PRODESN Distillate Oil Steam Turbine with 2050 Retirement,distillate oil steam turbine power plant,Fossil Steam Turbines,mexico,,megawatt,,linear_interpolation,none,,,,,mx,,,2026,128.0,
PRODESN Distillate Oil Steam Turbine with 2050 Retirement,distillate oil steam turbine power plant,Fossil Steam Turbines,mexico,,megawatt,,linear_interpolation,none,,,,,mx,,,2027,128.0,
PRODESN Distillate Oil Steam Turbine with 2050 Retirement,distillate oil steam turbine power plant,Fossil Steam Turbines,mexico,,megawatt,,linear_interpolation,none,,,,,mx,,,2028,128.0,
PRODESN Distillate Oil Steam Turbine with 2050 Retirement,distillate oil steam turbine power plant,Fossil Steam Turbines,mexico,,megawatt,,linear_interpolation,none,,,,,mx,,,2029,128.0,
PRODESN Distillate Oil Steam Turbine with 2050 Retirement,distillate oil steam turbine power plant,Fossil Steam Turbines,mexico,,megawatt,,linear_interpolation,none,,,,,mx,,,2030,128.0,
PRODESN Distillate Oil Steam Turbine with 2050 Retirement,distillate oil steam turbine power plant,Fossil Steam Turbines,mexico,,megawatt,,linear_interpolation,none,,,,,mx,,,2050,0.0,
PRODESN Fuel Oil ICE,Fuel Oil ICE,Internal Combustion Engines,mexico,,megawatt,,linear_interpolation,none,,,,,mx,,,2017,582.827,
PRODESN Fuel Oil ICE,Fuel Oil ICE,Internal Combustion Engines,mexico,,megawatt,,linear_interpolation,none,,,,,mx,,,2018,635.677,
PRODESN Fuel Oil ICE,Fuel Oil ICE,Internal Combustion Engines,mexico,,megawatt,,linear_interpolation,none,,,,,mx,,,2019,635.677,
PRODESN Fuel Oil ICE,Fuel Oil ICE,Internal Combustion Engines,mexico,,megawatt,,linear_interpolation,none,,,,,mx,,,2020,635.677,
PRODESN Fuel Oil ICE,Fuel Oil ICE,Internal Combustion Engines,mexico,,megawatt,,linear_interpolation,none,,,,,mx,,,2021,635.677,
PRODESN Fuel Oil ICE,Fuel Oil ICE,Internal Combustion Engines,mexico,,megawatt,,linear_interpolation,none,,,,,mx,,,2022,604.177,
PRODESN Fuel Oil ICE,Fuel Oil ICE,Internal Combustion Engines,mexico,,megawatt,,linear_interpolation,none,,,,,mx,,,2023,604.177,
PRODESN Fuel Oil ICE,Fuel Oil ICE,Internal Combustion Engines,mexico,,megawatt,,linear_interpolation,none,,,,,mx,,,2024,572.677,
PRODESN Fuel Oil ICE,Fuel Oil ICE,Internal Combustion Engines,mexico,,megawatt,,linear_interpolation,none,,,,,mx,,,2025,572.677,
PRODESN Fuel Oil ICE,Fuel Oil ICE,Internal Combustion Engines,mexico,,megawatt,,linear_interpolation,none,,,,,mx,,,2026,572.677,
PRODESN Fuel Oil ICE,Fuel Oil ICE,Internal Combustion Engines,mexico,,megawatt,,linear_interpolation,none,,,,,mx,,,2027,572.677,
PRODESN Fuel Oil ICE,Fuel Oil ICE,Internal Combustion Engines,mexico,,megawatt,,linear_interpolation,none,,,,,mx,,,2028,572.677,
PRODESN Fuel Oil ICE,Fuel Oil ICE,Internal Combustion Engines,mexico,,megawatt,,linear_interpolation,none,,,,,mx,,,2029,572.677,
PRODESN Fuel Oil ICE,Fuel Oil ICE,Internal Combustion Engines,mexico,,megawatt,,linear_interpolation,none,,,,,mx,,,2030,572.677,
PRODESN Fuel Oil ICE with 2050 retirement,Fuel Oil ICE,Internal Combustion Engines,mexico,,megawatt,,linear_interpolation,none,,,,,mx,,,2017,582.827,
PRODESN Fuel Oil ICE with 2050 retirement,Fuel Oil ICE,Internal Combustion Engines,mexico,,megawatt,,linear_interpolation,none,,,,,mx,,,2018,635.677,
PRODESN Fuel Oil ICE with 2050 retirement,Fuel Oil ICE,Internal Combustion Engines,mexico,,megawatt,,linear_interpolation,none,,,,,mx,,,2019,635.677,
PRODESN Fuel Oil ICE with 2050 retirement,Fuel Oil ICE,Internal Combustion Engines,mexico,,megawatt,,linear_interpolation,none,,,,,mx,,,2020,635.677,
PRODESN Fuel Oil ICE with 2050 retirement,Fuel Oil ICE,Internal Combustion Engines,mexico,,megawatt,,linear_interpolation,none,,,,,mx,,,2021,635.677,
PRODESN Fuel Oil ICE with 2050 retirement,Fuel Oil ICE,Internal Combustion Engines,mexico,,megawatt,,linear_interpolation,none,,,,,mx,,,2022,604.177,
PRODESN Fuel Oil ICE with 2050 retirement,Fuel Oil ICE,Internal Combustion Engines,mexico,,megawatt,,linear_interpolation,none,,,,,mx,,,2023,604.177,
PRODESN Fuel Oil ICE with 2050 retirement,Fuel Oil ICE,Internal Combustion Engines,mexico,,megawatt,,linear_interpolation,none,,,,,mx,,,2024,572.677,
PRODESN Fuel Oil ICE with 2050 retirement,Fuel Oil ICE,Internal Combustion Engines,mexico,,megawatt,,linear_interpolation,none,,,,,mx,,,2025,572.677,
PRODESN Fuel Oil ICE with 2050 retirement,Fuel Oil ICE,Internal Combustion Engines,mexico,,megawatt,,linear_interpolation,none,,,,,mx,,,2026,572.677,
PRODESN Fuel Oil ICE with 2050 retirement,Fuel Oil ICE,Internal Combustion Engines,mexico,,megawatt,,linear_interpolation,none,,,,,mx,,,2027,572.677,
PRODESN Fuel Oil ICE with 2050 retirement,Fuel Oil ICE,Internal Combustion Engines,mexico,,megawatt,,linear_interpolation,none,,,,,mx,,,2028,572.677,
PRODESN Fuel Oil ICE with 2050 retirement,Fuel Oil ICE,Internal Combustion Engines,mexico,,megawatt,,linear_interpolation,none,,,,,mx,,,2029,572.677,
PRODESN Fuel Oil ICE with 2050 retirement,Fuel Oil ICE,Internal Combustion Engines,mexico,,megawatt,,linear_interpolation,none,,,,,mx,,,2030,572.677,
PRODESN Fuel Oil ICE with 2050 retirement,Fuel Oil ICE,Internal Combustion Engines,mexico,,megawatt,,linear_interpolation,none,,,,,mx,,,2050,0.0,
PRODESN Gas CT,gas combustion turbine power plant,Combustion Turbines,mexico,,megawatt,,linear_interpolation,none,,,,,mx,,,2017,3542.21,
PRODESN Gas CT,gas combustion turbine power plant,Combustion Turbines,mexico,,megawatt,,linear_interpolation,none,,,,,mx,,,2018,3542.21,
PRODESN Gas CT,gas combustion turbine power plant,Combustion Turbines,mexico,,megawatt,,linear_interpolation,none,,,,,mx,,,2019,3542.21,
PRODESN Gas CT,gas combustion turbine power plant,Combustion Turbines,mexico,,megawatt,,linear_interpolation,none,,,,,mx,,,2020,3542.21,
PRODESN Gas CT,gas combustion turbine power plant,Combustion Turbines,mexico,,megawatt,,linear_interpolation,none,,,,,mx,,,2021,3542.21,
PRODESN Gas CT,gas combustion turbine power plant,Combustion Turbines,mexico,,megawatt,,linear_interpolation,none,,,,,mx,,,2022,3542.21,
PRODESN Gas CT,gas combustion turbine power plant,Combustion Turbines,mexico,,megawatt,,linear_interpolation,none,,,,,mx,,,2023,3542.21,
PRODESN Gas CT,gas combustion turbine power plant,Combustion Turbines,mexico,,megawatt,,linear_interpolation,none,,,,,mx,,,2024,3542.21,
PRODESN Gas CT,gas combustion turbine power plant,Combustion Turbines,mexico,,megawatt,,linear_interpolation,none,,,,,mx,,,2025,3542.21,
PRODESN Gas CT,gas combustion turbine power plant,Combustion Turbines,mexico,,megawatt,,linear_interpolation,none,,,,,mx,,,2026,3542.21,
PRODESN Gas CT,gas combustion turbine power plant,Combustion Turbines,mexico,,megawatt,,linear_interpolation,none,,,,,mx,,,2027,3542.21,
PRODESN Gas CT,gas combustion turbine power plant,Combustion Turbines,mexico,,megawatt,,linear_interpolation,none,,,,,mx,,,2028,3542.21,
PRODESN Gas CT,gas combustion turbine power plant,Combustion Turbines,mexico,,megawatt,,linear_interpolation,none,,,,,mx,,,2029,3542.21,
PRODESN Gas CT,gas combustion turbine power plant,Combustion Turbines,mexico,,megawatt,,linear_interpolation,none,,,,,mx,,,2030,3542.21,
PRODESN Gas ICE,Gas ICE,Internal Combustion Engines,mexico,,megawatt,,linear_interpolation,none,,,,,mx,,,2017,125.756,
PRODESN Gas ICE,Gas ICE,Internal Combustion Engines,mexico,,megawatt,,linear_interpolation,none,,,,,mx,,,2018,125.756,
PRODESN Gas ICE,Gas ICE,Internal Combustion Engines,mexico,,megawatt,,linear_interpolation,none,,,,,mx,,,2019,125.756,
PRODESN Gas ICE,Gas ICE,Internal Combustion Engines,mexico,,megawatt,,linear_interpolation,none,,,,,mx,,,2020,125.756,
PRODESN Gas ICE,Gas ICE,Internal Combustion Engines,mexico,,megawatt,,linear_interpolation,none,,,,,mx,,,2021,125.756,
PRODESN Gas ICE,Gas ICE,Internal Combustion Engines,mexico,,megawatt,,linear_interpolation,none,,,,,mx,,,2022,125.756,
PRODESN Gas ICE,Gas ICE,Internal Combustion Engines,mexico,,megawatt,,linear_interpolation,none,,,,,mx,,,2023,125.756,
PRODESN Gas ICE,Gas ICE,Internal Combustion Engines,mexico,,megawatt,,linear_interpolation,none,,,,,mx,,,2024,125.756,
PRODESN Gas ICE,Gas ICE,Internal Combustion Engines,mexico,,megawatt,,linear_interpolation,none,,,,,mx,,,2025,125.756,
PRODESN Gas ICE,Gas ICE,Internal Combustion Engines,mexico,,megawatt,,linear_interpolation,none,,,,,mx,,,2026,125.756,
PRODESN Gas ICE,Gas ICE,Internal Combustion Engines,mexico,,megawatt,,linear_interpolation,none,,,,,mx,,,2027,125.756,
PRODESN Gas ICE,Gas ICE,Internal Combustion Engines,mexico,,megawatt,,linear_interpolation,none,,,,,mx,,,2028,125.756,
PRODESN Gas ICE,Gas ICE,Internal Combustion Engines,mexico,,megawatt,,linear_interpolation,none,,,,,mx,,,2029,125.756,
PRODESN Gas ICE,Gas ICE,Internal Combustion Engines,mexico,,megawatt,,linear_interpolation,none,,,,,mx,,,2030,125.756,
PRODESN Gas Steam Turbine,gas steam turbine power plant,Fossil Steam Turbines,mexico,,megawatt,,linear_interpolation,none,,,,,mx,,,2017,1151.89,
PRODESN Gas Steam Turbine,gas steam turbine power plant,Fossil Steam Turbines,mexico,,megawatt,,linear_interpolation,none,,,,,mx,,,2018,1151.89,
PRODESN Gas Steam Turbine,gas steam turbine power plant,Fossil Steam Turbines,mexico,,megawatt,,linear_interpolation,none,,,,,mx,,,2019,1151.89,
PRODESN Gas Steam Turbine,gas steam turbine power plant,Fossil Steam Turbines,mexico,,megawatt,,linear_interpolation,none,,,,,mx,,,2020,1151.89,
PRODESN Gas Steam Turbine,gas steam turbine power plant,Fossil Steam Turbines,mexico,,megawatt,,linear_interpolation,none,,,,,mx,,,2021,1151.89,
PRODESN Gas Steam Turbine,gas steam turbine power plant,Fossil Steam Turbines,mexico,,megawatt,,linear_interpolation,none,,,,,mx,,,2022,1151.89,
PRODESN Gas Steam Turbine,gas steam turbine power plant,Fossil Steam Turbines,mexico,,megawatt,,linear_interpolation,none,,,,,mx,,,2023,1151.89,
PRODESN Gas Steam Turbine,gas steam turbine power plant,Fossil Steam Turbines,mexico,,megawatt,,linear_interpolation,none,,,,,mx,,,2024,1151.89,
PRODESN Gas Steam Turbine,gas steam turbine power plant,Fossil Steam Turbines,mexico,,megawatt,,linear_interpolation,none,,,,,mx,,,2025,1151.89,
PRODESN Gas Steam Turbine,gas steam turbine power plant,Fossil Steam Turbines,mexico,,megawatt,,linear_interpolation,none,,,,,mx,,,2026,1151.89,
PRODESN Gas Steam Turbine,gas steam turbine power plant,Fossil Steam Turbines,mexico,,megawatt,,linear_interpolation,none,,,,,mx,,,2027,1151.89,
PRODESN Gas Steam Turbine,gas steam turbine power plant,Fossil Steam Turbines,mexico,,megawatt,,linear_interpolation,none,,,,,mx,,,2028,1151.89,
PRODESN Gas Steam Turbine,gas steam turbine power plant,Fossil Steam Turbines,mexico,,megawatt,,linear_interpolation,none,,,,,mx,,,2029,1151.89,
PRODESN Gas Steam Turbine,gas steam turbine power plant,Fossil Steam Turbines,mexico,,megawatt,,linear_interpolation,none,,,,,mx,,,2030,1151.89,
PRODESN Gas Steam Turbine Cogen,gas steam turbine cogen power plant,Fossil Steam Turbines,mexico,,megawatt,,linear_interpolation,none,,,,,mx,,,2017,582.117,
PRODESN Gas Steam Turbine Cogen,gas steam turbine cogen power plant,Fossil Steam Turbines,mexico,,megawatt,,linear_interpolation,none,,,,,mx,,,2018,582.117,
PRODESN Gas Steam Turbine Cogen,gas steam turbine cogen power plant,Fossil Steam Turbines,mexico,,megawatt,,linear_interpolation,none,,,,,mx,,,2019,582.117,
PRODESN Gas Steam Turbine Cogen,gas steam turbine cogen power plant,Fossil Steam Turbines,mexico,,megawatt,,linear_interpolation,none,,,,,mx,,,2020,582.117,
PRODESN Gas Steam Turbine Cogen,gas steam turbine cogen power plant,Fossil Steam Turbines,mexico,,megawatt,,linear_interpolation,none,,,,,mx,,,2021,582.117,
PRODESN Gas Steam Turbine Cogen,gas steam turbine cogen power plant,Fossil Steam Turbines,mexico,,megawatt,,linear_interpolation,none,,,,,mx,,,2022,582.117,
PRODESN Gas Steam Turbine Cogen,gas steam turbine cogen power plant,Fossil Steam Turbines,mexico,,megawatt,,linear_interpolation,none,,,,,mx,,,2023,582.117,
PRODESN Gas Steam Turbine Cogen,gas steam turbine cogen power plant,Fossil Steam Turbines,mexico,,megawatt,,linear_interpolation,none,,,,,mx,,,2024,582.117,
PRODESN Gas Steam Turbine Cogen,gas steam turbine cogen power plant,Fossil Steam Turbines,mexico,,megawatt,,linear_interpolation,none,,,,,mx,,,2025,582.117,
PRODESN Gas Steam Turbine Cogen,gas steam turbine cogen power plant,Fossil Steam Turbines,mexico,,megawatt,,linear_interpolation,none,,,,,mx,,,2026,582.117,
PRODESN Gas Steam Turbine Cogen,gas steam turbine cogen power plant,Fossil Steam Turbines,mexico,,megawatt,,linear_interpolation,none,,,,,mx,,,2027,582.117,
PRODESN Gas Steam Turbine Cogen,gas steam turbine cogen power plant,Fossil Steam Turbines,mexico,,megawatt,,linear_interpolation,none,,,,,mx,,,2028,582.117,
PRODESN Gas Steam Turbine Cogen,gas steam turbine cogen power plant,Fossil Steam Turbines,mexico,,megawatt,,linear_interpolation,none,,,,,mx,,,2029,582.117,
PRODESN Gas Steam Turbine Cogen,gas steam turbine cogen power plant,Fossil Steam Turbines,mexico,,megawatt,,linear_interpolation,none,,,,,mx,,,2030,582.117,
PRODESN Geothermal,geothermal power plant,Geothermal Power Plants,mexico,,megawatt,,linear_interpolation,none,,,,,mx,,,2017,939.22,
PRODESN Geothermal,geothermal power plant,Geothermal Power Plants,mexico,,megawatt,,linear_interpolation,none,,,,,mx,,,2018,950.84,
PRODESN Geothermal,geothermal power plant,Geothermal Power Plants,mexico,,megawatt,,linear_interpolation,none,,,,,mx,,,2019,977.46,
PRODESN Geothermal,geothermal power plant,Geothermal Power Plants,mexico,,megawatt,,linear_interpolation,none,,,,,mx,,,2020,1201.46,
PRODESN Geothermal,geothermal power plant,Geothermal Power Plants,mexico,,megawatt,,linear_interpolation,none,,,,,mx,,,2021,1455.46,
PRODESN Geothermal,geothermal power plant,Geothermal Power Plants,mexico,,megawatt,,linear_interpolation,none,,,,,mx,,,2022,1521.46,
PRODESN Geothermal,geothermal power plant,Geothermal Power Plants,mexico,,megawatt,,linear_interpolation,none,,,,,mx,,,2023,1575.46,
PRODESN Geothermal,geothermal power plant,Geothermal Power Plants,mexico,,megawatt,,linear_interpolation,none,,,,,mx,,,2024,1616.46,
PRODESN Geothermal,geothermal power plant,Geothermal Power Plants,mexico,,megawatt,,linear_interpolation,none,,,,,mx,,,2025,1642.46,
PRODESN Geothermal,geothermal power plant,Geothermal Power Plants,mexico,,megawatt,,linear_interpolation,none,,,,,mx,,,2026,1697.46,
PRODESN Geothermal,geothermal power plant,Geothermal Power Plants,mexico,,megawatt,,linear_interpolation,none,,,,,mx,,,2027,1760.46,
PRODESN Geothermal,geothermal power plant,Geothermal Power Plants,mexico,,megawatt,,linear_interpolation,none,,,,,mx,,,2028,1760.46,
PRODESN Geothermal,geothermal power plant,Geothermal Power Plants,mexico,,megawatt,,linear_interpolation,none,,,,,mx,,,2029,1760.46,
PRODESN Geothermal,geothermal power plant,Geothermal Power Plants,mexico,,megawatt,,linear_interpolation,none,,,,,mx,,,2030,1760.46,
PRODESN MSW Plant,municipal solid waste power plant,Biomass Power Plants,mexico,,megawatt,,linear_interpolation,none,,,,,mx,,,2017,703.55,
PRODESN MSW Plant,municipal solid waste power plant,Biomass Power Plants,mexico,,megawatt,,linear_interpolation,none,,,,,mx,,,2018,703.55,
PRODESN MSW Plant,municipal solid waste power plant,Biomass Power Plants,mexico,,megawatt,,linear_interpolation,none,,,,,mx,,,2019,703.55,
PRODESN MSW Plant,municipal solid waste power plant,Biomass Power Plants,mexico,,megawatt,,linear_interpolation,none,,,,,mx,,,2020,703.55,
PRODESN MSW Plant,municipal solid waste power plant,Biomass Power Plants,mexico,,megawatt,,linear_interpolation,none,,,,,mx,,,2021,703.55,
PRODESN MSW Plant,municipal solid waste power plant,Biomass Power Plants,mexico,,megawatt,,linear_interpolation,none,,,,,mx,,,2022,703.55,
PRODESN MSW Plant,municipal solid waste power plant,Biomass Power Plants,mexico,,megawatt,,linear_interpolation,none,,,,,mx,,,2023,733.55,
PRODESN MSW Plant,municipal solid waste power plant,Biomass Power Plants,mexico,,megawatt,,linear_interpolation,none,,,,,mx,,,2024,763.55,
PRODESN MSW Plant,municipal solid waste power plant,Biomass Power Plants,mexico,,megawatt,,linear_interpolation,none,,,,,mx,,,2025,763.55,
PRODESN MSW Plant,municipal solid waste power plant,Biomass Power Plants,mexico,,megawatt,,linear_interpolation,none,,,,,mx,,,2026,763.55,
PRODESN MSW Plant,municipal solid waste power plant,Biomass Power Plants,mexico,,megawatt,,linear_interpolation,none,,,,,mx,,,2027,763.55,
PRODESN MSW Plant,municipal solid waste power plant,Biomass Power Plants,mexico,,megawatt,,linear_interpolation,none,,,,,mx,,,2028,763.55,
PRODESN MSW Plant,municipal solid waste power plant,Biomass Power Plants,mexico,,megawatt,,linear_interpolation,none,,,,,mx,,,2029,763.55,
PRODESN MSW Plant,municipal solid waste power plant,Biomass Power Plants,mexico,,megawatt,,linear_interpolation,none,,,,,mx,,,2030,763.55,
PRODESN Nuclear,,Nuclear Power Plants,mexico,,megawatt,,linear_interpolation,none,,,,,mx,,,2020,1620.0,
PRODESN Nuclear,,Nuclear Power Plants,mexico,,megawatt,,linear_interpolation,none,,,,,mx,,,2021,1620.0,
PRODESN Nuclear,,Nuclear Power Plants,mexico,,megawatt,,linear_interpolation,none,,,,,mx,,,2022,1620.0,
PRODESN Nuclear,,Nuclear Power Plants,mexico,,megawatt,,linear_interpolation,none,,,,,mx,,,2023,1620.0,
PRODESN Nuclear,,Nuclear Power Plants,mexico,,megawatt,,linear_interpolation,none,,,,,mx,,,2024,1620.0,
PRODESN Nuclear,,Nuclear Power Plants,mexico,,megawatt,,linear_interpolation,none,,,,,mx,,,2025,1620.0,
PRODESN Nuclear,,Nuclear Power Plants,mexico,,megawatt,,linear_interpolation,none,,,,,mx,,,2026,1620.0,
PRODESN Nuclear,,Nuclear Power Plants,mexico,,megawatt,,linear_interpolation,none,,,,,mx,,,2027,1620.0,
PRODESN Nuclear,,Nuclear Power Plants,mexico,,megawatt,,linear_interpolation,none,,,,,mx,,,2028,2980.3,
PRODESN Nuclear,,Nuclear Power Plants,mexico,,megawatt,,linear_interpolation,none,,,,,mx,,,2029,4340.6,
PRODESN Nuclear,,Nuclear Power Plants,mexico,,megawatt,,linear_interpolation,none,,,,,mx,,,2030,5700.9,
PRODESN Nuclear to 2050  High Renewables Target,,Nuclear Power Plants,mexico,,megawatt,,linear_interpolation,none,,,,,mx,,,2020,1620.0,
PRODESN Nuclear to 2050  High Renewables Target,,Nuclear Power Plants,mexico,,megawatt,,linear_interpolation,none,,,,,mx,,,2021,1620.0,
PRODESN Nuclear to 2050  High Renewables Target,,Nuclear Power Plants,mexico,,megawatt,,linear_interpolation,none,,,,,mx,,,2022,1620.0,
PRODESN Nuclear to 2050  High Renewables Target,,Nuclear Power Plants,mexico,,megawatt,,linear_interpolation,none,,,,,mx,,,2023,1620.0,
PRODESN Nuclear to 2050  High Renewables Target,,Nuclear Power Plants,mexico,,megawatt,,linear_interpolation,none,,,,,mx,,,2024,1620.0,
PRODESN Nuclear to 2050  High Renewables Target,,Nuclear Power Plants,mexico,,megawatt,,linear_interpolation,none,,,,,mx,,,2025,1620.0,
PRODESN Nuclear to 2050  High Renewables Target,,Nuclear Power Plants,mexico,,megawatt,,linear_interpolation,none,,,,,mx,,,2026,1620.0,
PRODESN Nuclear to 2050  High Renewables Target,,Nuclear Power Plants,mexico,,megawatt,,linear_interpolation,none,,,,,mx,,,2027,1620.0,
PRODESN Nuclear to 2050  High Renewables Target,,Nuclear Power Plants,mexico,,megawatt,,linear_interpolation,none,,,,,mx,,,2028,2980.3,
PRODESN Nuclear to 2050  High Renewables Target,,Nuclear Power Plants,mexico,,megawatt,,linear_interpolation,none,,,,,mx,,,2029,4340.6,
PRODESN Nuclear to 2050  High Renewables Target,,Nuclear Power Plants,mexico,,megawatt,,linear_interpolation,none,,,,,mx,,,2030,5700.9,
PRODESN Nuclear to 2050  High Renewables Target,,Nuclear Power Plants,mexico,,megawatt,,linear_interpolation,none,,,,,mx,,,2050,10000.0,
PRODESN Onshore Wind,Onshore wind power plant,Onshore Wind,mexico,,megawatt,,linear_interpolation,none,,,,,mx,,,2017,4471.67,1.0
PRODESN Onshore Wind,Onshore wind power plant,Onshore Wind,mexico,,megawatt,,linear_interpolation,none,,,,,mx,,,2018,5557.37,1.0
PRODESN Onshore Wind,Onshore wind power plant,Onshore Wind,mexico,,megawatt,,linear_interpolation,none,,,,,mx,,,2019,8376.16,1.0
PRODESN Onshore Wind,Onshore wind power plant,Onshore Wind,mexico,,megawatt,,linear_interpolation,none,,,,,mx,,,2020,9734.16,1.0
PRODESN Onshore Wind,Onshore wind power plant,Onshore Wind,mexico,,megawatt,,linear_interpolation,none,,,,,mx,,,2021,9734.16,1.0
PRODESN Onshore Wind,Onshore wind power plant,Onshore Wind,mexico,,megawatt,,linear_interpolation,none,,,,,mx,,,2022,9734.16,1.0
PRODESN Onshore Wind,Onshore wind power plant,Onshore Wind,mexico,,megawatt,,linear_interpolation,none,,,,,mx,,,2023,9734.16,1.0
PRODESN Onshore Wind,Onshore wind power plant,Onshore Wind,mexico,,megawatt,,linear_interpolation,none,,,,,mx,,,2024,10964.51,1.0
PRODESN Onshore Wind,Onshore wind power plant,Onshore Wind,mexico,,megawatt,,linear_interpolation,none,,,,,mx,,,2025,12593.25,1.0
PRODESN Onshore Wind,Onshore wind power plant,Onshore Wind,mexico,,megawatt,,linear_interpolation,none,,,,,mx,,,2026,13911.65,1.0
PRODESN Onshore Wind,Onshore wind power plant,Onshore Wind,mexico,,megawatt,,linear_interpolation,none,,,,,mx,,,2027,15101.1,1.0
PRODESN Onshore Wind,Onshore wind power plant,Onshore Wind,mexico,,megawatt,,linear_interpolation,none,,,,,mx,,,2028,15101.1,1.0
PRODESN Onshore Wind,Onshore wind power plant,Onshore Wind,mexico,,megawatt,,linear_interpolation,none,,,,,mx,,,2029,15101.1,1.0
PRODESN Onshore Wind,Onshore wind power plant,Onshore Wind,mexico,,megawatt,,linear_interpolation,none,,,,,mx,,,2030,15101.1,1.0
PRODESN Pet Coke Steam Turbines,petroleum coke steam turbine power plant,Fossil Steam Turbines,mexico,,megawatt,,linear_interpolation,none,,,,,mx,,,2017,580.0,
PRODESN Pet Coke Steam Turbines,petroleum coke steam turbine power plant,Fossil Steam Turbines,mexico,,megawatt,,linear_interpolation,none,,,,,mx,,,2018,580.0,
PRODESN Pet Coke Steam Turbines,petroleum coke steam turbine power plant,Fossil Steam Turbines,mexico,,megawatt,,linear_interpolation,none,,,,,mx,,,2019,580.0,
PRODESN Pet Coke Steam Turbines,petroleum coke steam turbine power plant,Fossil Steam Turbines,mexico,,megawatt,,linear_interpolation,none,,,,,mx,,,2020,580.0,
PRODESN Pet Coke Steam Turbines,petroleum coke steam turbine power plant,Fossil Steam Turbines,mexico,,megawatt,,linear_interpolation,none,,,,,mx,,,2021,580.0,
PRODESN Pet Coke Steam Turbines,petroleum coke steam turbine power plant,Fossil Steam Turbines,mexico,,megawatt,,linear_interpolation,none,,,,,mx,,,2022,580.0,
PRODESN Pet Coke Steam Turbines,petroleum coke steam turbine power plant,Fossil Steam Turbines,mexico,,megawatt,,linear_interpolation,none,,,,,mx,,,2023,580.0,
PRODESN Pet Coke Steam Turbines,petroleum coke steam turbine power plant,Fossil Steam Turbines,mexico,,megawatt,,linear_interpolation,none,,,,,mx,,,2024,580.0,
PRODESN Pet Coke Steam Turbines,petroleum coke steam turbine power plant,Fossil Steam Turbines,mexico,,megawatt,,linear_interpolation,none,,,,,mx,,,2025,580.0,
PRODESN Pet Coke Steam Turbines,petroleum coke steam turbine power plant,Fossil Steam Turbines,mexico,,megawatt,,linear_interpolation,none,,,,,mx,,,2026,580.0,
PRODESN Pet Coke Steam Turbines,petroleum coke steam turbine power plant,Fossil Steam Turbines,mexico,,megawatt,,linear_interpolation,none,,,,,mx,,,2027,580.0,
PRODESN Pet Coke Steam Turbines,petroleum coke steam turbine power plant,Fossil Steam Turbines,mexico,,megawatt,,linear_interpolation,none,,,,,mx,,,2028,580.0,
PRODESN Pet Coke Steam Turbines,petroleum coke steam turbine power plant,Fossil Steam Turbines,mexico,,megawatt,,linear_interpolation,none,,,,,mx,,,2029,580.0,
PRODESN Pet Coke Steam Turbines,petroleum coke steam turbine power plant,Fossil Steam Turbines,mexico,,megawatt,,linear_interpolation,none,,,,,mx,,,2030,580.0,
PRODESN Pet Coke Steam Turbines with 2050 Retirement,petroleum coke steam turbine power plant,Fossil Steam Turbines,mexico,,megawatt,,linear_interpolation,none,,,,,mx,,,2017,580.0,
PRODESN Pet Coke Steam Turbines with 2050 Retirement,petroleum coke steam turbine power plant,Fossil Steam Turbines,mexico,,megawatt,,linear_interpolation,none,,,,,mx,,,2018,580.0,
PRODESN Pet Coke Steam Turbines with 2050 Retirement,petroleum coke steam turbine power plant,Fossil Steam Turbines,mexico,,megawatt,,linear_interpolation,none,,,,,mx,,,2019,580.0,
PRODESN Pet Coke Steam Turbines with 2050 Retirement,petroleum coke steam turbine power plant,Fossil Steam Turbines,mexico,,megawatt,,linear_interpolation,none,,,,,mx,,,2020,580.0,
PRODESN Pet Coke Steam Turbines with 2050 Retirement,petroleum coke steam turbine power plant,Fossil Steam Turbines,mexico,,megawatt,,linear_interpolation,none,,,,,mx,,,2021,580.0,
PRODESN Pet Coke Steam Turbines with 2050 Retirement,petroleum coke steam turbine power plant,Fossil Steam Turbines,mexico,,megawatt,,linear_interpolation,none,,,,,mx,,,2022,580.0,
PRODESN Pet Coke Steam Turbines with 2050 Retirement,petroleum coke steam turbine power plant,Fossil Steam Turbines,mexico,,megawatt,,linear_interpolation,none,,,,,mx,,,2023,580.0,
PRODESN Pet Coke Steam Turbines with 2050 Retirement,petroleum coke steam turbine power plant,Fossil Steam Turbines,mexico,,megawatt,,linear_interpolation,none,,,,,mx,,,2024,580.0,
PRODESN Pet Coke Steam Turbines with 2050 Retirement,petroleum coke steam turbine power plant,Fossil Steam Turbines,mexico,,megawatt,,linear_interpolation,none,,,,,mx,,,2025,580.0,
PRODESN Pet Coke Steam Turbines with 2050 Retirement,petroleum coke steam turbine power plant,Fossil Steam Turbines,mexico,,megawatt,,linear_interpolation,none,,,,,mx,,,2026,580.0,
PRODESN Pet Coke Steam Turbines with 2050 Retirement,petroleum coke steam turbine power plant,Fossil Steam Turbines,mexico,,megawatt,,linear_interpolation,none,,,,,mx,,,2027,580.0,
PRODESN Pet Coke Steam Turbines with 2050 Retirement,petroleum coke steam turbine power plant,Fossil Steam Turbines,mexico,,megawatt,,linear_interpolation,none,,,,,mx,,,2028,580.0,
PRODESN Pet Coke Steam Turbines with 2050 Retirement,petroleum coke steam turbine power plant,Fossil Steam Turbines,mexico,,megawatt,,linear_interpolation,none,,,,,mx,,,2029,580.0,
PRODESN Pet Coke Steam Turbines with 2050 Retirement,petroleum coke steam turbine power plant,Fossil Steam Turbines,mexico,,megawatt,,linear_interpolation,none,,,,,mx,,,2030,580.0,
PRODESN Pet Coke Steam Turbines with 2050 Retirement,petroleum coke steam turbine power plant,Fossil Steam Turbines,mexico,,megawatt,,linear_interpolation,none,,,,,mx,,,2050,0.0,
PRODESN Residual Oil Steam Turbine,residual oil steam turbine power plant,Fossil Steam Turbines,mexico,,megawatt,,linear_interpolation,none,,,,,mx,,,2017,9270.23,
PRODESN Residual Oil Steam Turbine,residual oil steam turbine power plant,Fossil Steam Turbines,mexico,,megawatt,,linear_interpolation,none,,,,,mx,,,2018,7580.23,
PRODESN Residual Oil Steam Turbine,residual oil steam turbine power plant,Fossil Steam Turbines,mexico,,megawatt,,linear_interpolation,none,,,,,mx,,,2019,4278.23,
PRODESN Residual Oil Steam Turbine,residual oil steam turbine power plant,Fossil Steam Turbines,mexico,,megawatt,,linear_interpolation,none,,,,,mx,,,2020,3500.23,
PRODESN Residual Oil Steam Turbine,residual oil steam turbine power plant,Fossil Steam Turbines,mexico,,megawatt,,linear_interpolation,none,,,,,mx,,,2021,2672.23,
PRODESN Residual Oil Steam Turbine,residual oil steam turbine power plant,Fossil Steam Turbines,mexico,,megawatt,,linear_interpolation,none,,,,,mx,,,2022,2672.23,
PRODESN Residual Oil Steam Turbine,residual oil steam turbine power plant,Fossil Steam Turbines,mexico,,megawatt,,linear_interpolation,none,,,,,mx,,,2023,2559.73,
PRODESN Residual Oil Steam Turbine,residual oil steam turbine power plant,Fossil Steam Turbines,mexico,,megawatt,,linear_interpolation,none,,,,,mx,,,2024,1939.73,
PRODESN Residual Oil Steam Turbine,residual oil steam turbine power plant,Fossil Steam Turbines,mexico,,megawatt,,linear_interpolation,none,,,,,mx,,,2025,1939.73,
PRODESN Residual Oil Steam Turbine,residual oil steam turbine power plant,Fossil Steam Turbines,mexico,,megawatt,,linear_interpolation,none,,,,,mx,,,2026,1939.73,
PRODESN Residual Oil Steam Turbine,residual oil steam turbine power plant,Fossil Steam Turbines,mexico,,megawatt,,linear_interpolation,none,,,,,mx,,,2027,1609.73,
PRODESN Residual Oil Steam Turbine,residual oil steam turbine power plant,Fossil Steam Turbines,mexico,,megawatt,,linear_interpolation,none,,,,,mx,,,2028,1609.73,
PRODESN Residual Oil Steam Turbine,residual oil steam turbine power plant,Fossil Steam Turbines,mexico,,megawatt,,linear_interpolation,none,,,,,mx,,,2029,964.13,
PRODESN Residual Oil Steam Turbine,residual oil steam turbine power plant,Fossil Steam Turbines,mexico,,megawatt,,linear_interpolation,none,,,,,mx,,,2030,964.13,
PRODESN Residual Oil Steam Turbine Cogen,residual oil steam turbine cogen power plant,Fossil Steam Turbines,mexico,,megawatt,,linear_interpolation,none,,,,,mx,,,2017,1455.68,
PRODESN Residual Oil Steam Turbine Cogen,residual oil steam turbine cogen power plant,Fossil Steam Turbines,mexico,,megawatt,,linear_interpolation,none,,,,,mx,,,2018,1455.68,
PRODESN Residual Oil Steam Turbine Cogen,residual oil steam turbine cogen power plant,Fossil Steam Turbines,mexico,,megawatt,,linear_interpolation,none,,,,,mx,,,2019,1478.38,
PRODESN Residual Oil Steam Turbine Cogen,residual oil steam turbine cogen power plant,Fossil Steam Turbines,mexico,,megawatt,,linear_interpolation,none,,,,,mx,,,2020,3011.38,
PRODESN Residual Oil Steam Turbine Cogen,residual oil steam turbine cogen power plant,Fossil Steam Turbines,mexico,,megawatt,,linear_interpolation,none,,,,,mx,,,2021,3738.44,
PRODESN Residual Oil Steam Turbine Cogen,residual oil steam turbine cogen power plant,Fossil Steam Turbines,mexico,,megawatt,,linear_interpolation,none,,,,,mx,,,2022,3771.05,
PRODESN Residual Oil Steam Turbine Cogen,residual oil steam turbine cogen power plant,Fossil Steam Turbines,mexico,,megawatt,,linear_interpolation,none,,,,,mx,,,2023,5998.44,
PRODESN Residual Oil Steam Turbine Cogen,residual oil steam turbine cogen power plant,Fossil Steam Turbines,mexico,,megawatt,,linear_interpolation,none,,,,,mx,,,2024,7045.0,
PRODESN Residual Oil Steam Turbine Cogen,residual oil steam turbine cogen power plant,Fossil Steam Turbines,mexico,,megawatt,,linear_interpolation,none,,,,,mx,,,2025,7045.0,
PRODESN Residual Oil Steam Turbine Cogen,residual oil steam turbine cogen power plant,Fossil Steam Turbines,mexico,,megawatt,,linear_interpolation,none,,,,,mx,,,2026,7045.0,
PRODESN Residual Oil Steam Turbine Cogen,residual oil steam turbine cogen power plant,Fossil Steam Turbines,mexico,,megawatt,,linear_interpolation,none,,,,,mx,,,2027,7045.0,
PRODESN Residual Oil Steam Turbine Cogen,residual oil steam turbine cogen power plant,Fossil Steam Turbines,mexico,,megawatt,,linear_interpolation,none,,,,,mx,,,2028,7045.0,
PRODESN Residual Oil Steam Turbine Cogen,residual oil steam turbine cogen power plant,Fossil Steam Turbines,mexico,,megawatt,,linear_interpolation,none,,,,,mx,,,2029,7045.0,
PRODESN Residual Oil Steam Turbine Cogen,residual oil steam turbine cogen power plant,Fossil Steam Turbines,mexico,,megawatt,,linear_interpolation,none,,,,,mx,,,2030,7045.0,
PRODESN Residual Oil Steam Turbine Cogen with 2050 Retirement,residual oil steam turbine cogen power plant,Fossil Steam Turbines,mexico,,megawatt,,linear_interpolation,none,,,,,mx,,,2017,1455.68,
PRODESN Residual Oil Steam Turbine Cogen with 2050 Retirement,residual oil steam turbine cogen power plant,Fossil Steam Turbines,mexico,,megawatt,,linear_interpolation,none,,,,,mx,,,2018,1455.68,
PRODESN Residual Oil Steam Turbine Cogen with 2050 Retirement,residual oil steam turbine cogen power plant,Fossil Steam Turbines,mexico,,megawatt,,linear_interpolation,none,,,,,mx,,,2019,1478.38,
PRODESN Residual Oil Steam Turbine Cogen with 2050 Retirement,residual oil steam turbine cogen power plant,Fossil Steam Turbines,mexico,,megawatt,,linear_interpolation,none,,,,,mx,,,2020,3011.38,
PRODESN Residual Oil Steam Turbine Cogen with 2050 Retirement,residual oil steam turbine cogen power plant,Fossil Steam Turbines,mexico,,megawatt,,linear_interpolation,none,,,,,mx,,,2021,3738.44,
PRODESN Residual Oil Steam Turbine Cogen with 2050 Retirement,residual oil steam turbine cogen power plant,Fossil Steam Turbines,mexico,,megawatt,,linear_interpolation,none,,,,,mx,,,2022,3771.05,
PRODESN Residual Oil Steam Turbine Cogen with 2050 Retirement,residual oil steam turbine cogen power plant,Fossil Steam Turbines,mexico,,megawatt,,linear_interpolation,none,,,,,mx,,,2023,5998.44,
PRODESN Residual Oil Steam Turbine Cogen with 2050 Retirement,residual oil steam turbine cogen power plant,Fossil Steam Turbines,mexico,,megawatt,,linear_interpolation,none,,,,,mx,,,2024,7045.0,
PRODESN Residual Oil Steam Turbine Cogen with 2050 Retirement,residual oil steam turbine cogen power plant,Fossil Steam Turbines,mexico,,megawatt,,linear_interpolation,none,,,,,mx,,,2025,7045.0,
PRODESN Residual Oil Steam Turbine Cogen with 2050 Retirement,residual oil steam turbine cogen power plant,Fossil Steam Turbines,mexico,,megawatt,,linear_interpolation,none,,,,,mx,,,2026,7045.0,
PRODESN Residual Oil Steam Turbine Cogen with 2050 Retirement,residual oil steam turbine cogen power plant,Fossil Steam Turbines,mexico,,megawatt,,linear_interpolation,none,,,,,mx,,,2027,7045.0,
PRODESN Residual Oil Steam Turbine Cogen with 2050 Retirement,residual oil steam turbine cogen power plant,Fossil Steam Turbines,mexico,,megawatt,,linear_interpolation,none,,,,,mx,,,2028,7045.0,
PRODESN Residual Oil Steam Turbine Cogen with 2050 Retirement,residual oil steam turbine cogen power plant,Fossil Steam Turbines,mexico,,megawatt,,linear_interpolation,none,,,,,mx,,,2029,7045.0,
PRODESN Residual Oil Steam Turbine Cogen with 2050 Retirement,residual oil steam turbine cogen power plant,Fossil Steam Turbines,mexico,,megawatt,,linear_interpolation,none,,,,,mx,,,2030,7045.0,
PRODESN Residual Oil Steam Turbine Cogen with 2050 Retirement,residual oil steam turbine cogen power plant,Fossil Steam Turbines,mexico,,megawatt,,linear_interpolation,none,,,,,mx,,,2050,0.0,
PRODESN Residual Oil Steam Turbine with 2050 Retirement,residual oil steam turbine power plant,Fossil Steam Turbines,mexico,,megawatt,,linear_interpolation,none,,,,,mx,,,2017,9270.23,
PRODESN Residual Oil Steam Turbine with 2050 Retirement,residual oil steam turbine power plant,Fossil Steam Turbines,mexico,,megawatt,,linear_interpolation,none,,,,,mx,,,2018,7580.23,
PRODESN Residual Oil Steam Turbine with 2050 Retirement,residual oil steam turbine power plant,Fossil Steam Turbines,mexico,,megawatt,,linear_interpolation,none,,,,,mx,,,2019,4278.23,
PRODESN Residual Oil Steam Turbine with 2050 Retirement,residual oil steam turbine power plant,Fossil Steam Turbines,mexico,,megawatt,,linear_interpolation,none,,,,,mx,,,2020,3500.23,
PRODESN Residual Oil Steam Turbine with 2050 Retirement,residual oil steam turbine power plant,Fossil Steam Turbines,mexico,,megawatt,,linear_interpolation,none,,,,,mx,,,2021,2672.23,
PRODESN Residual Oil Steam Turbine with 2050 Retirement,residual oil steam turbine power plant,Fossil Steam Turbines,mexico,,megawatt,,linear_interpolation,none,,,,,mx,,,2022,2672.23,
PRODESN Residual Oil Steam Turbine with 2050 Retirement,residual oil steam turbine power plant,Fossil Steam Turbines,mexico,,megawatt,,linear_interpolation,none,,,,,mx,,,2023,2559.73,
PRODESN Residual Oil Steam Turbine with 2050 Retirement,residual oil steam turbine power plant,Fossil Steam Turbines,mexico,,megawatt,,linear_interpolation,none,,,,,mx,,,2024,1939.73,
PRODESN Residual Oil Steam Turbine with 2050 Retirement,residual oil steam turbine power plant,Fossil Steam Turbines,mexico,,megawatt,,linear_interpolation,none,,,,,mx,,,2025,1939.73,
PRODESN Residual Oil Steam Turbine with 2050 Retirement,residual oil steam turbine power plant,Fossil Steam Turbines,mexico,,megawatt,,linear_interpolation,none,,,,,mx,,,2026,1939.73,
PRODESN Residual Oil Steam Turbine with 2050 Retirement,residual oil steam turbine power plant,Fossil Steam Turbines,mexico,,megawatt,,linear_interpolation,none,,,,,mx,,,2027,1609.73,
PRODESN Residual Oil Steam Turbine with 2050 Retirement,residual oil steam turbine power plant,Fossil Steam Turbines,mexico,,megawatt,,linear_interpolation,none,,,,,mx,,,2028,1609.73,
PRODESN Residual Oil Steam Turbine with 2050 Retirement,residual oil steam turbine power plant,Fossil Steam Turbines,mexico,,megawatt,,linear_interpolation,none,,,,,mx,,,2029,964.13,
PRODESN Residual Oil Steam Turbine with 2050 Retirement,residual oil steam turbine power plant,Fossil Steam Turbines,mexico,,megawatt,,linear_interpolation,none,,,,,mx,,,2030,964.13,
PRODESN Residual Oil Steam Turbine with 2050 Retirement,residual oil steam turbine power plant,Fossil Steam Turbines,mexico,,megawatt,,linear_interpolation,none,,,,,mx,,,2050,0.0,
PRODESN Transmission-Sited Solar PV,transmission-sited solar PV power plant,Transmission-Sited Solar PV,mexico,,megawatt,,linear_interpolation,none,,,,,mx,,,2017,1561.99,
PRODESN Transmission-Sited Solar PV,transmission-sited solar PV power plant,Transmission-Sited Solar PV,mexico,,megawatt,,linear_interpolation,none,,,,,mx,,,2018,3602.99,
PRODESN Transmission-Sited Solar PV,transmission-sited solar PV power plant,Transmission-Sited Solar PV,mexico,,megawatt,,linear_interpolation,none,,,,,mx,,,2019,3602.99,
PRODESN Transmission-Sited Solar PV,transmission-sited solar PV power plant,Transmission-Sited Solar PV,mexico,,megawatt,,linear_interpolation,none,,,,,mx,,,2020,3669.79,
PRODESN Transmission-Sited Solar PV,transmission-sited solar PV power plant,Transmission-Sited Solar PV,mexico,,megawatt,,linear_interpolation,none,,,,,mx,,,2021,3769.79,
PRODESN Transmission-Sited Solar PV,transmission-sited solar PV power plant,Transmission-Sited Solar PV,mexico,,megawatt,,linear_interpolation,none,,,,,mx,,,2022,3869.79,
PRODESN Transmission-Sited Solar PV,transmission-sited solar PV power plant,Transmission-Sited Solar PV,mexico,,megawatt,,linear_interpolation,none,,,,,mx,,,2023,3969.79,
PRODESN Transmission-Sited Solar PV,transmission-sited solar PV power plant,Transmission-Sited Solar PV,mexico,,megawatt,,linear_interpolation,none,,,,,mx,,,2024,4069.79,
PRODESN Transmission-Sited Solar PV,transmission-sited solar PV power plant,Transmission-Sited Solar PV,mexico,,megawatt,,linear_interpolation,none,,,,,mx,,,2025,4894.93,
PRODESN Transmission-Sited Solar PV,transmission-sited solar PV power plant,Transmission-Sited Solar PV,mexico,,megawatt,,linear_interpolation,none,,,,,mx,,,2026,5789.93,
PRODESN Transmission-Sited Solar PV,transmission-sited solar PV power plant,Transmission-Sited Solar PV,mexico,,megawatt,,linear_interpolation,none,,,,,mx,,,2027,6590.93,
PRODESN Transmission-Sited Solar PV,transmission-sited solar PV power plant,Transmission-Sited Solar PV,mexico,,megawatt,,linear_interpolation,none,,,,,mx,,,2028,6690.93,
PRODESN Transmission-Sited Solar PV,transmission-sited solar PV power plant,Transmission-Sited Solar PV,mexico,,megawatt,,linear_interpolation,none,,,,,mx,,,2029,6790.93,
PRODESN Transmission-Sited Solar PV,transmission-sited solar PV power plant,Transmission-Sited Solar PV,mexico,,megawatt,,linear_interpolation,none,,,,,mx,,,2030,6890.93,
