supply_node,geography,capacity_or_energy_unit,time_unit,interpolation_method,extrapolation_method,extrapolation_growth,geography_map_key,source,notes,gau,demand_sector,supply_technology,resource_bin,year,value,sensitivity
Biomass Power Plants,mexico,megawatt,,linear_interpolation,none,,,,,mx,,municipal solid waste power plant,,2000.0,702.8,
Biomass Power Plants,mexico,megawatt,,linear_interpolation,none,,,,,mx,,municipal solid waste power plant,,2001.0,702.8,
Biomass Power Plants,mexico,megawatt,,linear_interpolation,none,,,,,mx,,municipal solid waste power plant,,2002.0,702.8,
Biomass Power Plants,mexico,megawatt,,linear_interpolation,none,,,,,mx,,municipal solid waste power plant,,2003.0,702.8,
Biomass Power Plants,mexico,megawatt,,linear_interpolation,none,,,,,mx,,municipal solid waste power plant,,2004.0,702.8,
Biomass Power Plants,mexico,megawatt,,linear_interpolation,none,,,,,mx,,municipal solid waste power plant,,2005.0,702.8,
Biomass Power Plants,mexico,megawatt,,linear_interpolation,none,,,,,mx,,municipal solid waste power plant,,2006.0,702.8,
Biomass Power Plants,mexico,megawatt,,linear_interpolation,none,,,,,mx,,municipal solid waste power plant,,2007.0,702.8,
Biomass Power Plants,mexico,megawatt,,linear_interpolation,none,,,,,mx,,municipal solid waste power plant,,2009.0,702.8,
Biomass Power Plants,mexico,megawatt,,linear_interpolation,none,,,,,mx,,municipal solid waste power plant,,2010.0,702.8,
Biomass Power Plants,mexico,megawatt,,linear_interpolation,none,,,,,mx,,municipal solid waste power plant,,2012.0,702.8,
Biomass Power Plants,mexico,megawatt,,linear_interpolation,none,,,,,mx,,municipal solid waste power plant,,2013.0,702.8,
Biomass Power Plants,mexico,megawatt,,linear_interpolation,none,,,,,mx,,municipal solid waste power plant,,2014.0,702.8,
Biomass Power Plants,mexico,megawatt,,linear_interpolation,none,,,,,mx,,municipal solid waste power plant,,2015.0,702.8,
Biomass Power Plants,mexico,megawatt,,linear_interpolation,none,,,,,mx,,municipal solid waste power plant,,2016.0,703.55,
Coal Power Plants,mexico,megawatt,,linear_interpolation,none,,,,,mx,,pulverized coal power plant,,1982.0,1200.0,
Coal Power Plants,mexico,megawatt,,linear_interpolation,none,,,,,mx,,pulverized coal power plant,,1985.0,1200.0,
Coal Power Plants,mexico,megawatt,,linear_interpolation,none,,,,,mx,,pulverized coal power plant,,1986.0,1200.0,
Coal Power Plants,mexico,megawatt,,linear_interpolation,none,,,,,mx,,pulverized coal power plant,,1987.0,1200.0,
Coal Power Plants,mexico,megawatt,,linear_interpolation,none,,,,,mx,,pulverized coal power plant,,1989.0,1200.0,
Coal Power Plants,mexico,megawatt,,linear_interpolation,none,,,,,mx,,pulverized coal power plant,,1990.0,1200.0,
Coal Power Plants,mexico,megawatt,,linear_interpolation,none,,,,,mx,,pulverized coal power plant,,1991.0,1200.0,
Coal Power Plants,mexico,megawatt,,linear_interpolation,none,,,,,mx,,pulverized coal power plant,,1993.0,5378.36,
Coal Power Plants,mexico,megawatt,,linear_interpolation,none,,,,,mx,,pulverized coal power plant,,1994.0,5378.36,
Coal Power Plants,mexico,megawatt,,linear_interpolation,none,,,,,mx,,pulverized coal power plant,,1995.0,5378.36,
Coal Power Plants,mexico,megawatt,,linear_interpolation,none,,,,,mx,,pulverized coal power plant,,1996.0,5378.36,
Coal Power Plants,mexico,megawatt,,linear_interpolation,none,,,,,mx,,pulverized coal power plant,,1998.0,5378.36,
Coal Power Plants,mexico,megawatt,,linear_interpolation,none,,,,,mx,,pulverized coal power plant,,1999.0,5378.36,
Coal Power Plants,mexico,megawatt,,linear_interpolation,none,,,,,mx,,pulverized coal power plant,,2000.0,5378.36,
Coal Power Plants,mexico,megawatt,,linear_interpolation,none,,,,,mx,,pulverized coal power plant,,2001.0,5378.36,
Coal Power Plants,mexico,megawatt,,linear_interpolation,none,,,,,mx,,pulverized coal power plant,,2002.0,5378.36,
Coal Power Plants,mexico,megawatt,,linear_interpolation,none,,,,,mx,,pulverized coal power plant,,2003.0,5378.36,
Coal Power Plants,mexico,megawatt,,linear_interpolation,none,,,,,mx,,pulverized coal power plant,,2004.0,5378.36,
Coal Power Plants,mexico,megawatt,,linear_interpolation,none,,,,,mx,,pulverized coal power plant,,2005.0,5378.36,
Coal Power Plants,mexico,megawatt,,linear_interpolation,none,,,,,mx,,pulverized coal power plant,,2006.0,5378.36,
Coal Power Plants,mexico,megawatt,,linear_interpolation,none,,,,,mx,,pulverized coal power plant,,2007.0,5378.36,
Coal Power Plants,mexico,megawatt,,linear_interpolation,none,,,,,mx,,pulverized coal power plant,,2009.0,5378.36,
Coal Power Plants,mexico,megawatt,,linear_interpolation,none,,,,,mx,,pulverized coal power plant,,2010.0,5378.36,
Coal Power Plants,mexico,megawatt,,linear_interpolation,none,,,,,mx,,pulverized coal power plant,,2012.0,5378.36,
Coal Power Plants,mexico,megawatt,,linear_interpolation,none,,,,,mx,,pulverized coal power plant,,2013.0,5378.36,
Coal Power Plants,mexico,megawatt,,linear_interpolation,none,,,,,mx,,pulverized coal power plant,,2014.0,5378.36,
Coal Power Plants,mexico,megawatt,,linear_interpolation,none,,,,,mx,,pulverized coal power plant,,2015.0,5378.36,
Coal Power Plants,mexico,megawatt,,linear_interpolation,none,,,,,mx,,pulverized coal power plant,,2016.0,5378.36,
Combined Heat and Power,mexico,megawatt,,linear_interpolation,none,,,,,,,,,,,
Combined-Cycle Gas Turbines,mexico,megawatt,,linear_interpolation,none,,,,,mx,,gas combined cycle power plant,,1974.0,452.0,
Combined-Cycle Gas Turbines,mexico,megawatt,,linear_interpolation,none,,,,,mx,,gas combined cycle power plant,,1975.0,452.0,
Combined-Cycle Gas Turbines,mexico,megawatt,,linear_interpolation,none,,,,,mx,,gas combined cycle power plant,,1976.0,452.0,
Combined-Cycle Gas Turbines,mexico,megawatt,,linear_interpolation,none,,,,,mx,,gas combined cycle power plant,,1977.0,452.0,
Combined-Cycle Gas Turbines,mexico,megawatt,,linear_interpolation,none,,,,,mx,,gas combined cycle power plant,,1980.0,452.0,
Combined-Cycle Gas Turbines,mexico,megawatt,,linear_interpolation,none,,,,,mx,,gas combined cycle power plant,,1981.0,2753.95,
Combined-Cycle Gas Turbines,mexico,megawatt,,linear_interpolation,none,,,,,mx,,gas combined cycle power plant,,1982.0,2753.95,
Combined-Cycle Gas Turbines,mexico,megawatt,,linear_interpolation,none,,,,,mx,,gas combined cycle power plant,,1985.0,2753.95,
Combined-Cycle Gas Turbines,mexico,megawatt,,linear_interpolation,none,,,,,mx,,gas combined cycle power plant,,1986.0,2753.95,
Combined-Cycle Gas Turbines,mexico,megawatt,,linear_interpolation,none,,,,,mx,,gas combined cycle power plant,,1987.0,2753.95,
Combined-Cycle Gas Turbines,mexico,megawatt,,linear_interpolation,none,,,,,mx,,gas combined cycle power plant,,1989.0,3480.91,
Combined-Cycle Gas Turbines,mexico,megawatt,,linear_interpolation,none,,,,,mx,,gas combined cycle power plant,,1990.0,3480.91,
Combined-Cycle Gas Turbines,mexico,megawatt,,linear_interpolation,none,,,,,mx,,gas combined cycle power plant,,1991.0,3480.91,
Combined-Cycle Gas Turbines,mexico,megawatt,,linear_interpolation,none,,,,,mx,,gas combined cycle power plant,,1993.0,3480.91,
Combined-Cycle Gas Turbines,mexico,megawatt,,linear_interpolation,none,,,,,mx,,gas combined cycle power plant,,1994.0,3480.91,
Combined-Cycle Gas Turbines,mexico,megawatt,,linear_interpolation,none,,,,,mx,,gas combined cycle power plant,,1995.0,3480.91,
Combined-Cycle Gas Turbines,mexico,megawatt,,linear_interpolation,none,,,,,mx,,gas combined cycle power plant,,1996.0,3480.91,
Combined-Cycle Gas Turbines,mexico,megawatt,,linear_interpolation,none,,,,,mx,,gas combined cycle power plant,,1998.0,4002.67,
Combined-Cycle Gas Turbines,mexico,megawatt,,linear_interpolation,none,,,,,mx,,gas combined cycle power plant,,1999.0,4002.67,
Combined-Cycle Gas Turbines,mexico,megawatt,,linear_interpolation,none,,,,,mx,,gas combined cycle power plant,,2000.0,6320.09,
Combined-Cycle Gas Turbines,mexico,megawatt,,linear_interpolation,none,,,,,mx,,gas combined cycle power plant,,2001.0,7292.11,
Combined-Cycle Gas Turbines,mexico,megawatt,,linear_interpolation,none,,,,,mx,,gas combined cycle power plant,,2002.0,9050.47,
Combined-Cycle Gas Turbines,mexico,megawatt,,linear_interpolation,none,,,,,mx,,gas combined cycle power plant,,2003.0,15508.17,
Combined-Cycle Gas Turbines,mexico,megawatt,,linear_interpolation,none,,,,,mx,,gas combined cycle power plant,,2004.0,17758.59,
Combined-Cycle Gas Turbines,mexico,megawatt,,linear_interpolation,none,,,,,mx,,gas combined cycle power plant,,2005.0,18357.86,
Combined-Cycle Gas Turbines,mexico,megawatt,,linear_interpolation,none,,,,,mx,,gas combined cycle power plant,,2006.0,20718.86,
Combined-Cycle Gas Turbines,mexico,megawatt,,linear_interpolation,none,,,,,mx,,gas combined cycle power plant,,2007.0,21853.86,
Combined-Cycle Gas Turbines,mexico,megawatt,,linear_interpolation,none,,,,,mx,,gas combined cycle power plant,,2009.0,21853.86,
Combined-Cycle Gas Turbines,mexico,megawatt,,linear_interpolation,none,,,,,mx,,gas combined cycle power plant,,2010.0,22736.86,
Combined-Cycle Gas Turbines,mexico,megawatt,,linear_interpolation,none,,,,,mx,,gas combined cycle power plant,,2012.0,22736.86,
Combined-Cycle Gas Turbines,mexico,megawatt,,linear_interpolation,none,,,,,mx,,gas combined cycle power plant,,2013.0,22736.86,
Combined-Cycle Gas Turbines,mexico,megawatt,,linear_interpolation,none,,,,,mx,,gas combined cycle power plant,,2014.0,23466.86,
Combined-Cycle Gas Turbines,mexico,megawatt,,linear_interpolation,none,,,,,mx,,gas combined cycle power plant,,2015.0,23907.16,
Combined-Cycle Gas Turbines,mexico,megawatt,,linear_interpolation,none,,,,,mx,,gas combined cycle power plant,,2016.0,26587.06,
Combustion Turbines,mexico,megawatt,,linear_interpolation,none,,,,,mx,,distillate oil combustion turbine power plant,,1969.0,52.2,
Combustion Turbines,mexico,megawatt,,linear_interpolation,none,,,,,mx,,gas combustion turbine power plant,,1970.0,24.0,
Combustion Turbines,mexico,megawatt,,linear_interpolation,none,,,,,mx,,distillate oil combustion turbine power plant,,1970.0,52.2,
Combustion Turbines,mexico,megawatt,,linear_interpolation,none,,,,,mx,,gas combustion turbine power plant,,1971.0,417.0,
Combustion Turbines,mexico,megawatt,,linear_interpolation,none,,,,,mx,,distillate oil combustion turbine power plant,,1971.0,52.2,
Combustion Turbines,mexico,megawatt,,linear_interpolation,none,,,,,mx,,gas combustion turbine power plant,,1972.0,441.0,
Combustion Turbines,mexico,megawatt,,linear_interpolation,none,,,,,mx,,distillate oil combustion turbine power plant,,1972.0,52.2,
Combustion Turbines,mexico,megawatt,,linear_interpolation,none,,,,,mx,,gas combustion turbine power plant,,1973.0,441.0,
Combustion Turbines,mexico,megawatt,,linear_interpolation,none,,,,,mx,,distillate oil combustion turbine power plant,,1973.0,52.2,
Combustion Turbines,mexico,megawatt,,linear_interpolation,none,,,,,mx,,gas combustion turbine power plant,,1974.0,441.0,
Combustion Turbines,mexico,megawatt,,linear_interpolation,none,,,,,mx,,distillate oil combustion turbine power plant,,1974.0,52.2,
Combustion Turbines,mexico,megawatt,,linear_interpolation,none,,,,,mx,,gas combustion turbine power plant,,1975.0,489.0,
Combustion Turbines,mexico,megawatt,,linear_interpolation,none,,,,,mx,,distillate oil combustion turbine power plant,,1975.0,52.2,
Combustion Turbines,mexico,megawatt,,linear_interpolation,none,,,,,mx,,gas combustion turbine power plant,,1976.0,489.0,
Combustion Turbines,mexico,megawatt,,linear_interpolation,none,,,,,mx,,distillate oil combustion turbine power plant,,1976.0,52.2,
Combustion Turbines,mexico,megawatt,,linear_interpolation,none,,,,,mx,,gas combustion turbine power plant,,1977.0,489.0,
Combustion Turbines,mexico,megawatt,,linear_interpolation,none,,,,,mx,,distillate oil combustion turbine power plant,,1977.0,52.2,
Combustion Turbines,mexico,megawatt,,linear_interpolation,none,,,,,mx,,gas combustion turbine power plant,,1980.0,489.0,
Combustion Turbines,mexico,megawatt,,linear_interpolation,none,,,,,mx,,distillate oil combustion turbine power plant,,1980.0,52.2,
Combustion Turbines,mexico,megawatt,,linear_interpolation,none,,,,,mx,,gas combustion turbine power plant,,1981.0,489.0,
Combustion Turbines,mexico,megawatt,,linear_interpolation,none,,,,,mx,,distillate oil combustion turbine power plant,,1981.0,52.2,
Combustion Turbines,mexico,megawatt,,linear_interpolation,none,,,,,mx,,gas combustion turbine power plant,,1982.0,489.0,
Combustion Turbines,mexico,megawatt,,linear_interpolation,none,,,,,mx,,distillate oil combustion turbine power plant,,1982.0,52.2,
Combustion Turbines,mexico,megawatt,,linear_interpolation,none,,,,,mx,,gas combustion turbine power plant,,1985.0,489.0,
Combustion Turbines,mexico,megawatt,,linear_interpolation,none,,,,,mx,,distillate oil combustion turbine power plant,,1985.0,52.2,
Combustion Turbines,mexico,megawatt,,linear_interpolation,none,,,,,mx,,gas combustion turbine power plant,,1986.0,489.0,
Combustion Turbines,mexico,megawatt,,linear_interpolation,none,,,,,mx,,distillate oil combustion turbine power plant,,1986.0,52.2,
Combustion Turbines,mexico,megawatt,,linear_interpolation,none,,,,,mx,,gas combustion turbine power plant,,1987.0,489.0,
Combustion Turbines,mexico,megawatt,,linear_interpolation,none,,,,,mx,,distillate oil combustion turbine power plant,,1987.0,52.2,
Combustion Turbines,mexico,megawatt,,linear_interpolation,none,,,,,mx,,gas combustion turbine power plant,,1989.0,489.0,
Combustion Turbines,mexico,megawatt,,linear_interpolation,none,,,,,mx,,distillate oil combustion turbine power plant,,1989.0,52.2,
Combustion Turbines,mexico,megawatt,,linear_interpolation,none,,,,,mx,,gas combustion turbine power plant,,1990.0,489.0,
Combustion Turbines,mexico,megawatt,,linear_interpolation,none,,,,,mx,,distillate oil combustion turbine power plant,,1990.0,52.2,
Combustion Turbines,mexico,megawatt,,linear_interpolation,none,,,,,mx,,gas combustion turbine power plant,,1991.0,489.0,
Combustion Turbines,mexico,megawatt,,linear_interpolation,none,,,,,mx,,distillate oil combustion turbine power plant,,1991.0,52.2,
Combustion Turbines,mexico,megawatt,,linear_interpolation,none,,,,,mx,,gas combustion turbine power plant,,1993.0,489.0,
Combustion Turbines,mexico,megawatt,,linear_interpolation,none,,,,,mx,,distillate oil combustion turbine power plant,,1993.0,52.2,
Combustion Turbines,mexico,megawatt,,linear_interpolation,none,,,,,mx,,gas combustion turbine power plant,,1994.0,489.0,
Combustion Turbines,mexico,megawatt,,linear_interpolation,none,,,,,mx,,distillate oil combustion turbine power plant,,1994.0,52.2,
Combustion Turbines,mexico,megawatt,,linear_interpolation,none,,,,,mx,,gas combustion turbine power plant,,1995.0,489.0,
Combustion Turbines,mexico,megawatt,,linear_interpolation,none,,,,,mx,,distillate oil combustion turbine power plant,,1995.0,52.2,
Combustion Turbines,mexico,megawatt,,linear_interpolation,none,,,,,mx,,gas combustion turbine power plant,,1996.0,489.0,
Combustion Turbines,mexico,megawatt,,linear_interpolation,none,,,,,mx,,distillate oil combustion turbine power plant,,1996.0,52.2,
Combustion Turbines,mexico,megawatt,,linear_interpolation,none,,,,,mx,,gas combustion turbine power plant,,1998.0,657.0,
Combustion Turbines,mexico,megawatt,,linear_interpolation,none,,,,,mx,,distillate oil combustion turbine power plant,,1998.0,52.2,
Combustion Turbines,mexico,megawatt,,linear_interpolation,none,,,,,mx,,gas combustion turbine power plant,,1999.0,807.0,
Combustion Turbines,mexico,megawatt,,linear_interpolation,none,,,,,mx,,distillate oil combustion turbine power plant,,1999.0,52.2,
Combustion Turbines,mexico,megawatt,,linear_interpolation,none,,,,,mx,,gas combustion turbine power plant,,2000.0,3265.15,
Combustion Turbines,mexico,megawatt,,linear_interpolation,none,,,,,mx,,distillate oil combustion turbine power plant,,2000.0,1053.76,
Combustion Turbines,mexico,megawatt,,linear_interpolation,none,,,,,mx,,gas combustion turbine power plant,,2001.0,3265.15,
Combustion Turbines,mexico,megawatt,,linear_interpolation,none,,,,,mx,,distillate oil combustion turbine power plant,,2001.0,1053.76,
Combustion Turbines,mexico,megawatt,,linear_interpolation,none,,,,,mx,,gas combustion turbine power plant,,2002.0,3265.15,
Combustion Turbines,mexico,megawatt,,linear_interpolation,none,,,,,mx,,distillate oil combustion turbine power plant,,2002.0,1053.76,
Combustion Turbines,mexico,megawatt,,linear_interpolation,none,,,,,mx,,gas combustion turbine power plant,,2003.0,3265.15,
Combustion Turbines,mexico,megawatt,,linear_interpolation,none,,,,,mx,,distillate oil combustion turbine power plant,,2003.0,1115.76,
Combustion Turbines,mexico,megawatt,,linear_interpolation,none,,,,,mx,,gas combustion turbine power plant,,2004.0,3265.15,
Combustion Turbines,mexico,megawatt,,linear_interpolation,none,,,,,mx,,distillate oil combustion turbine power plant,,2004.0,1115.76,
Combustion Turbines,mexico,megawatt,,linear_interpolation,none,,,,,mx,,gas combustion turbine power plant,,2005.0,3321.15,
Combustion Turbines,mexico,megawatt,,linear_interpolation,none,,,,,mx,,distillate oil combustion turbine power plant,,2005.0,1115.76,
Combustion Turbines,mexico,megawatt,,linear_interpolation,none,,,,,mx,,gas combustion turbine power plant,,2006.0,3321.15,
Combustion Turbines,mexico,megawatt,,linear_interpolation,none,,,,,mx,,distillate oil combustion turbine power plant,,2006.0,1115.76,
Combustion Turbines,mexico,megawatt,,linear_interpolation,none,,,,,mx,,gas combustion turbine power plant,,2007.0,3321.15,
Combustion Turbines,mexico,megawatt,,linear_interpolation,none,,,,,mx,,distillate oil combustion turbine power plant,,2007.0,1115.76,
Combustion Turbines,mexico,megawatt,,linear_interpolation,none,,,,,mx,,gas combustion turbine power plant,,2009.0,3321.15,
Combustion Turbines,mexico,megawatt,,linear_interpolation,none,,,,,mx,,distillate oil combustion turbine power plant,,2009.0,1115.76,
Combustion Turbines,mexico,megawatt,,linear_interpolation,none,,,,,mx,,gas combustion turbine power plant,,2010.0,3321.15,
Combustion Turbines,mexico,megawatt,,linear_interpolation,none,,,,,mx,,distillate oil combustion turbine power plant,,2010.0,1115.76,
Combustion Turbines,mexico,megawatt,,linear_interpolation,none,,,,,mx,,gas combustion turbine power plant,,2012.0,3321.15,
Combustion Turbines,mexico,megawatt,,linear_interpolation,none,,,,,mx,,distillate oil combustion turbine power plant,,2012.0,1115.76,
Combustion Turbines,mexico,megawatt,,linear_interpolation,none,,,,,mx,,gas combustion turbine power plant,,2013.0,3321.15,
Combustion Turbines,mexico,megawatt,,linear_interpolation,none,,,,,mx,,distillate oil combustion turbine power plant,,2013.0,1115.76,
Combustion Turbines,mexico,megawatt,,linear_interpolation,none,,,,,mx,,gas combustion turbine power plant,,2014.0,3441.85,
Combustion Turbines,mexico,megawatt,,linear_interpolation,none,,,,,mx,,distillate oil combustion turbine power plant,,2014.0,1115.76,
Combustion Turbines,mexico,megawatt,,linear_interpolation,none,,,,,mx,,gas combustion turbine power plant,,2015.0,3441.85,
Combustion Turbines,mexico,megawatt,,linear_interpolation,none,,,,,mx,,distillate oil combustion turbine power plant,,2015.0,1115.76,
Combustion Turbines,mexico,megawatt,,linear_interpolation,none,,,,,mx,,gas combustion turbine power plant,,2016.0,3542.21,
Combustion Turbines,mexico,megawatt,,linear_interpolation,none,,,,,mx,,distillate oil combustion turbine power plant,,2016.0,896.07,
Dispatchable Hydroelectric Power Plants,mexico,megawatt,,linear_interpolation,nearest,,,,,mx,,large hydro power plant,,1905.0,109.0,
Dispatchable Hydroelectric Power Plants,mexico,megawatt,,linear_interpolation,nearest,,,,,mx,,large hydro power plant,,1910.0,142.0,
Dispatchable Hydroelectric Power Plants,mexico,megawatt,,linear_interpolation,nearest,,,,,mx,,large hydro power plant,,1911.0,178.0,
Dispatchable Hydroelectric Power Plants,mexico,megawatt,,linear_interpolation,nearest,,,,,mx,,large hydro power plant,,1912.0,187.0,
Dispatchable Hydroelectric Power Plants,mexico,megawatt,,linear_interpolation,nearest,,,,,mx,,large hydro power plant,,1919.0,205.0,
Dispatchable Hydroelectric Power Plants,mexico,megawatt,,linear_interpolation,nearest,,,,,mx,,large hydro power plant,,1951.0,215.0,
Dispatchable Hydroelectric Power Plants,mexico,megawatt,,linear_interpolation,nearest,,,,,mx,,large hydro power plant,,1953.0,220.32,
Dispatchable Hydroelectric Power Plants,mexico,megawatt,,linear_interpolation,nearest,,,,,mx,,large hydro power plant,,1954.0,251.82,
Dispatchable Hydroelectric Power Plants,mexico,megawatt,,linear_interpolation,nearest,,,,,mx,,large hydro power plant,,1955.0,311.82,
Dispatchable Hydroelectric Power Plants,mexico,megawatt,,linear_interpolation,nearest,,,,,mx,,large hydro power plant,,1957.0,331.02,
Dispatchable Hydroelectric Power Plants,mexico,megawatt,,linear_interpolation,nearest,,,,,mx,,large hydro power plant,,1959.0,685.02,
Dispatchable Hydroelectric Power Plants,mexico,megawatt,,linear_interpolation,nearest,,,,,mx,,large hydro power plant,,1960.0,711.02,
Dispatchable Hydroelectric Power Plants,mexico,megawatt,,linear_interpolation,nearest,,,,,mx,,large hydro power plant,,1962.0,1011.02,
Dispatchable Hydroelectric Power Plants,mexico,megawatt,,linear_interpolation,nearest,,,,,mx,,large hydro power plant,,1963.0,1160.02,
Dispatchable Hydroelectric Power Plants,mexico,megawatt,,linear_interpolation,nearest,,,,,mx,,large hydro power plant,,1964.0,1320.02,
Dispatchable Hydroelectric Power Plants,mexico,megawatt,,linear_interpolation,nearest,,,,,mx,,large hydro power plant,,1965.0,2520.02,
Dispatchable Hydroelectric Power Plants,mexico,megawatt,,linear_interpolation,nearest,,,,,mx,,large hydro power plant,,1966.0,2538.02,
Dispatchable Hydroelectric Power Plants,mexico,megawatt,,linear_interpolation,nearest,,,,,mx,,large hydro power plant,,1969.0,2597.42,
Dispatchable Hydroelectric Power Plants,mexico,megawatt,,linear_interpolation,nearest,,,,,mx,,large hydro power plant,,1970.0,2597.42,
Dispatchable Hydroelectric Power Plants,mexico,megawatt,,linear_interpolation,nearest,,,,,mx,,large hydro power plant,,1971.0,2597.42,
Dispatchable Hydroelectric Power Plants,mexico,megawatt,,linear_interpolation,nearest,,,,,mx,,large hydro power plant,,1972.0,2597.42,
Dispatchable Hydroelectric Power Plants,mexico,megawatt,,linear_interpolation,nearest,,,,,mx,,large hydro power plant,,1973.0,2917.42,
Dispatchable Hydroelectric Power Plants,mexico,megawatt,,linear_interpolation,nearest,,,,,mx,,large hydro power plant,,1974.0,2917.42,
Dispatchable Hydroelectric Power Plants,mexico,megawatt,,linear_interpolation,nearest,,,,,mx,,large hydro power plant,,1975.0,2917.42,
Dispatchable Hydroelectric Power Plants,mexico,megawatt,,linear_interpolation,nearest,,,,,mx,,large hydro power plant,,1976.0,3817.42,
Dispatchable Hydroelectric Power Plants,mexico,megawatt,,linear_interpolation,nearest,,,,,mx,,large hydro power plant,,1977.0,4897.42,
Dispatchable Hydroelectric Power Plants,mexico,megawatt,,linear_interpolation,nearest,,,,,mx,,large hydro power plant,,1980.0,7297.42,
Dispatchable Hydroelectric Power Plants,mexico,megawatt,,linear_interpolation,nearest,,,,,mx,,large hydro power plant,,1981.0,7297.42,
Dispatchable Hydroelectric Power Plants,mexico,megawatt,,linear_interpolation,nearest,,,,,mx,,large hydro power plant,,1982.0,7297.42,
Dispatchable Hydroelectric Power Plants,mexico,megawatt,,linear_interpolation,nearest,,,,,mx,,large hydro power plant,,1985.0,7297.42,
Dispatchable Hydroelectric Power Plants,mexico,megawatt,,linear_interpolation,nearest,,,,,mx,,large hydro power plant,,1986.0,7897.42,
Dispatchable Hydroelectric Power Plants,mexico,megawatt,,linear_interpolation,nearest,,,,,mx,,large hydro power plant,,1987.0,8475.42,
Dispatchable Hydroelectric Power Plants,mexico,megawatt,,linear_interpolation,nearest,,,,,mx,,large hydro power plant,,1989.0,8475.42,
Dispatchable Hydroelectric Power Plants,mexico,megawatt,,linear_interpolation,nearest,,,,,mx,,large hydro power plant,,1990.0,8475.42,
Dispatchable Hydroelectric Power Plants,mexico,megawatt,,linear_interpolation,nearest,,,,,mx,,large hydro power plant,,1991.0,8575.42,
Dispatchable Hydroelectric Power Plants,mexico,megawatt,,linear_interpolation,nearest,,,,,mx,,large hydro power plant,,1993.0,8815.42,
Dispatchable Hydroelectric Power Plants,mexico,megawatt,,linear_interpolation,nearest,,,,,mx,,large hydro power plant,,1994.0,9775.42,
Dispatchable Hydroelectric Power Plants,mexico,megawatt,,linear_interpolation,nearest,,,,,mx,,large hydro power plant,,1995.0,10067.42,
Dispatchable Hydroelectric Power Plants,mexico,megawatt,,linear_interpolation,nearest,,,,,mx,,large hydro power plant,,1996.0,10489.42,
Dispatchable Hydroelectric Power Plants,mexico,megawatt,,linear_interpolation,nearest,,,,,mx,,large hydro power plant,,1998.0,10489.42,
Dispatchable Hydroelectric Power Plants,mexico,megawatt,,linear_interpolation,nearest,,,,,mx,,large hydro power plant,,1999.0,10489.42,
Dispatchable Hydroelectric Power Plants,mexico,megawatt,,linear_interpolation,nearest,,,,,mx,,large hydro power plant,,2000.0,10983.5,
Dispatchable Hydroelectric Power Plants,mexico,megawatt,,linear_interpolation,nearest,,,,,mx,,large hydro power plant,,2001.0,10983.5,
Dispatchable Hydroelectric Power Plants,mexico,megawatt,,linear_interpolation,nearest,,,,,mx,,large hydro power plant,,2002.0,10983.5,
Dispatchable Hydroelectric Power Plants,mexico,megawatt,,linear_interpolation,nearest,,,,,mx,,large hydro power plant,,2003.0,10983.5,
Dispatchable Hydroelectric Power Plants,mexico,megawatt,,linear_interpolation,nearest,,,,,mx,,large hydro power plant,,2004.0,10983.5,
Dispatchable Hydroelectric Power Plants,mexico,megawatt,,linear_interpolation,nearest,,,,,mx,,large hydro power plant,,2005.0,10983.5,
Dispatchable Hydroelectric Power Plants,mexico,megawatt,,linear_interpolation,nearest,,,,,mx,,large hydro power plant,,2006.0,10983.5,
Dispatchable Hydroelectric Power Plants,mexico,megawatt,,linear_interpolation,nearest,,,,,mx,,large hydro power plant,,2007.0,11733.5,
Dispatchable Hydroelectric Power Plants,mexico,megawatt,,linear_interpolation,nearest,,,,,mx,,large hydro power plant,,2009.0,11733.5,
Dispatchable Hydroelectric Power Plants,mexico,megawatt,,linear_interpolation,nearest,,,,,mx,,large hydro power plant,,2010.0,11733.5,
Dispatchable Hydroelectric Power Plants,mexico,megawatt,,linear_interpolation,nearest,,,,,mx,,large hydro power plant,,2012.0,12483.5,
Dispatchable Hydroelectric Power Plants,mexico,megawatt,,linear_interpolation,nearest,,,,,mx,,large hydro power plant,,2013.0,12483.5,
Dispatchable Hydroelectric Power Plants,mexico,megawatt,,linear_interpolation,nearest,,,,,mx,,large hydro power plant,,2014.0,12483.5,
Dispatchable Hydroelectric Power Plants,mexico,megawatt,,linear_interpolation,nearest,,,,,mx,,large hydro power plant,,2015.0,12483.5,
Dispatchable Hydroelectric Power Plants,mexico,megawatt,,linear_interpolation,nearest,,,,,mx,,large hydro power plant,,2016.0,12551.09,
Dispatchable Hydroelectric Power Plants,mexico,megawatt,,linear_interpolation,nearest,,,,,mx,,large hydro power plant,,2017.0,12565.59,
Dispatchable Hydroelectric Power Plants,mexico,megawatt,,linear_interpolation,nearest,,,,,mx,,large hydro power plant,,2018.0,12806.8,
Dispatchable Hydroelectric Power Plants,mexico,megawatt,,linear_interpolation,nearest,,,,,mx,,large hydro power plant,,2019.0,12825.53,
Dispatchable Hydroelectric Power Plants,mexico,megawatt,,linear_interpolation,nearest,,,,,mx,,large hydro power plant,,2020.0,12825.53,
Dispatchable Hydroelectric Power Plants,mexico,megawatt,,linear_interpolation,nearest,,,,,mx,,large hydro power plant,,2021.0,13280.53,
Dispatchable Hydroelectric Power Plants,mexico,megawatt,,linear_interpolation,nearest,,,,,mx,,large hydro power plant,,2022.0,15152.22,
Dispatchable Hydroelectric Power Plants,mexico,megawatt,,linear_interpolation,nearest,,,,,mx,,large hydro power plant,,2023.0,15729.58,
Dispatchable Hydroelectric Power Plants,mexico,megawatt,,linear_interpolation,nearest,,,,,mx,,large hydro power plant,,2024.0,16694.82,
Dispatchable Hydroelectric Power Plants,mexico,megawatt,,linear_interpolation,nearest,,,,,mx,,large hydro power plant,,2025.0,16694.82,
Dispatchable Hydroelectric Power Plants,mexico,megawatt,,linear_interpolation,nearest,,,,,mx,,large hydro power plant,,2026.0,16975.85,
Dispatchable Hydroelectric Power Plants,mexico,megawatt,,linear_interpolation,nearest,,,,,mx,,large hydro power plant,,2027.0,16975.85,
Dispatchable Hydroelectric Power Plants,mexico,megawatt,,linear_interpolation,nearest,,,,,mx,,large hydro power plant,,2028.0,16975.85,
Dispatchable Hydroelectric Power Plants,mexico,megawatt,,linear_interpolation,nearest,,,,,mx,,large hydro power plant,,2029.0,16975.85,
Dispatchable Hydroelectric Power Plants,mexico,megawatt,,linear_interpolation,nearest,,,,,mx,,large hydro power plant,,2030.0,16975.85,
Fossil Steam Turbines,mexico,megawatt,,linear_interpolation,none,,,,,mx,,residual oil steam turbine power plant,,1963.0,450.0,
Fossil Steam Turbines,mexico,megawatt,,linear_interpolation,none,,,,,mx,,residual oil steam turbine power plant,,1964.0,750.0,
Fossil Steam Turbines,mexico,megawatt,,linear_interpolation,none,,,,,mx,,residual oil steam turbine power plant,,1965.0,750.0,
Fossil Steam Turbines,mexico,megawatt,,linear_interpolation,none,,,,,mx,,residual oil steam turbine power plant,,1966.0,750.0,
Fossil Steam Turbines,mexico,megawatt,,linear_interpolation,none,,,,,mx,,residual oil steam turbine power plant,,1969.0,750.0,
Fossil Steam Turbines,mexico,megawatt,,linear_interpolation,none,,,,,mx,,residual oil steam turbine power plant,,1970.0,750.0,
Fossil Steam Turbines,mexico,megawatt,,linear_interpolation,none,,,,,mx,,residual oil steam turbine power plant,,1971.0,1300.0,
Fossil Steam Turbines,mexico,megawatt,,linear_interpolation,none,,,,,mx,,residual oil steam turbine power plant,,1972.0,1300.0,
Fossil Steam Turbines,mexico,megawatt,,linear_interpolation,none,,,,,mx,,residual oil steam turbine power plant,,1973.0,1300.0,
Fossil Steam Turbines,mexico,megawatt,,linear_interpolation,none,,,,,mx,,residual oil steam turbine power plant,,1974.0,1300.0,
Fossil Steam Turbines,mexico,megawatt,,linear_interpolation,none,,,,,mx,,residual oil steam turbine power plant,,1975.0,1300.0,
Fossil Steam Turbines,mexico,megawatt,,linear_interpolation,none,,,,,mx,,residual oil steam turbine power plant,,1976.0,1916.0,
Fossil Steam Turbines,mexico,megawatt,,linear_interpolation,none,,,,,mx,,residual oil steam turbine power plant,,1977.0,1916.0,
Fossil Steam Turbines,mexico,megawatt,,linear_interpolation,none,,,,,mx,,residual oil steam turbine power plant,,1980.0,1916.0,
Fossil Steam Turbines,mexico,megawatt,,linear_interpolation,none,,,,,mx,,residual oil steam turbine power plant,,1981.0,3521.6,
Fossil Steam Turbines,mexico,megawatt,,linear_interpolation,none,,,,,mx,,residual oil steam turbine power plant,,1982.0,4221.6,
Fossil Steam Turbines,mexico,megawatt,,linear_interpolation,none,,,,,mx,,residual oil steam turbine power plant,,1985.0,4853.6,
Fossil Steam Turbines,mexico,megawatt,,linear_interpolation,none,,,,,mx,,residual oil steam turbine power plant,,1986.0,5553.6,
Fossil Steam Turbines,mexico,megawatt,,linear_interpolation,none,,,,,mx,,residual oil steam turbine power plant,,1987.0,5553.6,
Fossil Steam Turbines,mexico,megawatt,,linear_interpolation,none,,,,,mx,,residual oil steam turbine power plant,,1989.0,5553.6,
Fossil Steam Turbines,mexico,megawatt,,linear_interpolation,none,,,,,mx,,residual oil steam turbine power plant,,1990.0,5553.6,
Fossil Steam Turbines,mexico,megawatt,,linear_interpolation,none,,,,,mx,,residual oil steam turbine power plant,,1991.0,5873.6,
Fossil Steam Turbines,mexico,megawatt,,linear_interpolation,none,,,,,mx,,residual oil steam turbine power plant,,1993.0,5873.6,
Fossil Steam Turbines,mexico,megawatt,,linear_interpolation,none,,,,,mx,,residual oil steam turbine power plant,,1994.0,5873.6,
Fossil Steam Turbines,mexico,megawatt,,linear_interpolation,none,,,,,mx,,residual oil steam turbine power plant,,1995.0,5873.6,
Fossil Steam Turbines,mexico,megawatt,,linear_interpolation,none,,,,,mx,,residual oil steam turbine power plant,,1996.0,5873.6,
Fossil Steam Turbines,mexico,megawatt,,linear_interpolation,none,,,,,mx,,residual oil steam turbine power plant,,1998.0,6189.6,
Fossil Steam Turbines,mexico,megawatt,,linear_interpolation,none,,,,,mx,,residual oil steam turbine power plant,,1999.0,6189.6,
Fossil Steam Turbines,mexico,megawatt,,linear_interpolation,none,,,,,mx,,gas steam turbine power plant,,2000.0,464.94,
Fossil Steam Turbines,mexico,megawatt,,linear_interpolation,none,,,,,mx,,distillate oil steam turbine power plant,,2000.0,128.0,
Fossil Steam Turbines,mexico,megawatt,,linear_interpolation,none,,,,,mx,,residual oil steam turbine power plant,,2000.0,8274.38,
Fossil Steam Turbines,mexico,megawatt,,linear_interpolation,none,,,,,mx,,gas steam turbine cogen power plant,,2000.0,214.717,
Fossil Steam Turbines,mexico,megawatt,,linear_interpolation,none,,,,,mx,,gas steam turbine power plant,,2001.0,464.94,
Fossil Steam Turbines,mexico,megawatt,,linear_interpolation,none,,,,,mx,,distillate oil steam turbine power plant,,2001.0,128.0,
Fossil Steam Turbines,mexico,megawatt,,linear_interpolation,none,,,,,mx,,residual oil steam turbine power plant,,2001.0,10374.38,
Fossil Steam Turbines,mexico,megawatt,,linear_interpolation,none,,,,,mx,,gas steam turbine cogen power plant,,2001.0,214.717,
Fossil Steam Turbines,mexico,megawatt,,linear_interpolation,none,,,,,mx,,gas steam turbine power plant,,2002.0,464.94,
Fossil Steam Turbines,mexico,megawatt,,linear_interpolation,none,,,,,mx,,distillate oil steam turbine power plant,,2002.0,128.0,
Fossil Steam Turbines,mexico,megawatt,,linear_interpolation,none,,,,,mx,,residual oil steam turbine power plant,,2002.0,10374.38,
Fossil Steam Turbines,mexico,megawatt,,linear_interpolation,none,,,,,mx,,gas steam turbine cogen power plant,,2002.0,214.717,
Fossil Steam Turbines,mexico,megawatt,,linear_interpolation,none,,,,,mx,,gas steam turbine power plant,,2003.0,464.94,
Fossil Steam Turbines,mexico,megawatt,,linear_interpolation,none,,,,,mx,,distillate oil steam turbine power plant,,2003.0,128.0,
Fossil Steam Turbines,mexico,megawatt,,linear_interpolation,none,,,,,mx,,residual oil steam turbine power plant,,2003.0,11194.38,
Fossil Steam Turbines,mexico,megawatt,,linear_interpolation,none,,,,,mx,,gas steam turbine cogen power plant,,2003.0,214.717,
Fossil Steam Turbines,mexico,megawatt,,linear_interpolation,none,,,,,mx,,gas steam turbine power plant,,2004.0,764.94,
Fossil Steam Turbines,mexico,megawatt,,linear_interpolation,none,,,,,mx,,petroleum coke steam turbine power plant,,2004.0,580.0,
Fossil Steam Turbines,mexico,megawatt,,linear_interpolation,none,,,,,mx,,distillate oil steam turbine power plant,,2004.0,128.0,
Fossil Steam Turbines,mexico,megawatt,,linear_interpolation,none,,,,,mx,,residual oil steam turbine power plant,,2004.0,11194.38,
Fossil Steam Turbines,mexico,megawatt,,linear_interpolation,none,,,,,mx,,gas steam turbine cogen power plant,,2004.0,214.717,
Fossil Steam Turbines,mexico,megawatt,,linear_interpolation,none,,,,,mx,,gas steam turbine power plant,,2005.0,764.94,
Fossil Steam Turbines,mexico,megawatt,,linear_interpolation,none,,,,,mx,,petroleum coke steam turbine power plant,,2005.0,580.0,
Fossil Steam Turbines,mexico,megawatt,,linear_interpolation,none,,,,,mx,,distillate oil steam turbine power plant,,2005.0,128.0,
Fossil Steam Turbines,mexico,megawatt,,linear_interpolation,none,,,,,mx,,residual oil steam turbine power plant,,2005.0,11194.38,
Fossil Steam Turbines,mexico,megawatt,,linear_interpolation,none,,,,,mx,,gas steam turbine cogen power plant,,2005.0,214.717,
Fossil Steam Turbines,mexico,megawatt,,linear_interpolation,none,,,,,mx,,gas steam turbine power plant,,2006.0,764.94,
Fossil Steam Turbines,mexico,megawatt,,linear_interpolation,none,,,,,mx,,petroleum coke steam turbine power plant,,2006.0,580.0,
Fossil Steam Turbines,mexico,megawatt,,linear_interpolation,none,,,,,mx,,distillate oil steam turbine power plant,,2006.0,128.0,
Fossil Steam Turbines,mexico,megawatt,,linear_interpolation,none,,,,,mx,,residual oil steam turbine power plant,,2006.0,11269.38,
Fossil Steam Turbines,mexico,megawatt,,linear_interpolation,none,,,,,mx,,gas steam turbine cogen power plant,,2006.0,214.717,
Fossil Steam Turbines,mexico,megawatt,,linear_interpolation,none,,,,,mx,,gas steam turbine power plant,,2007.0,764.94,
Fossil Steam Turbines,mexico,megawatt,,linear_interpolation,none,,,,,mx,,petroleum coke steam turbine power plant,,2007.0,580.0,
Fossil Steam Turbines,mexico,megawatt,,linear_interpolation,none,,,,,mx,,distillate oil steam turbine power plant,,2007.0,128.0,
Fossil Steam Turbines,mexico,megawatt,,linear_interpolation,none,,,,,mx,,residual oil steam turbine power plant,,2007.0,11269.38,
Fossil Steam Turbines,mexico,megawatt,,linear_interpolation,none,,,,,mx,,gas steam turbine cogen power plant,,2007.0,214.717,
Fossil Steam Turbines,mexico,megawatt,,linear_interpolation,none,,,,,mx,,gas steam turbine power plant,,2009.0,764.94,
Fossil Steam Turbines,mexico,megawatt,,linear_interpolation,none,,,,,mx,,petroleum coke steam turbine power plant,,2009.0,580.0,
Fossil Steam Turbines,mexico,megawatt,,linear_interpolation,none,,,,,mx,,distillate oil steam turbine power plant,,2009.0,128.0,
Fossil Steam Turbines,mexico,megawatt,,linear_interpolation,none,,,,,mx,,residual oil steam turbine power plant,,2009.0,11269.38,
Fossil Steam Turbines,mexico,megawatt,,linear_interpolation,none,,,,,mx,,gas steam turbine cogen power plant,,2009.0,214.717,
Fossil Steam Turbines,mexico,megawatt,,linear_interpolation,none,,,,,mx,,gas steam turbine power plant,,2010.0,764.94,
Fossil Steam Turbines,mexico,megawatt,,linear_interpolation,none,,,,,mx,,petroleum coke steam turbine power plant,,2010.0,580.0,
Fossil Steam Turbines,mexico,megawatt,,linear_interpolation,none,,,,,mx,,distillate oil steam turbine power plant,,2010.0,128.0,
Fossil Steam Turbines,mexico,megawatt,,linear_interpolation,none,,,,,mx,,residual oil steam turbine power plant,,2010.0,11269.38,
Fossil Steam Turbines,mexico,megawatt,,linear_interpolation,none,,,,,mx,,gas steam turbine cogen power plant,,2010.0,214.717,
Fossil Steam Turbines,mexico,megawatt,,linear_interpolation,none,,,,,mx,,gas steam turbine power plant,,2012.0,764.94,
Fossil Steam Turbines,mexico,megawatt,,linear_interpolation,none,,,,,mx,,petroleum coke steam turbine power plant,,2012.0,580.0,
Fossil Steam Turbines,mexico,megawatt,,linear_interpolation,none,,,,,mx,,distillate oil steam turbine power plant,,2012.0,128.0,
Fossil Steam Turbines,mexico,megawatt,,linear_interpolation,none,,,,,mx,,residual oil steam turbine power plant,,2012.0,11269.38,
Fossil Steam Turbines,mexico,megawatt,,linear_interpolation,none,,,,,mx,,gas steam turbine cogen power plant,,2012.0,214.717,
Fossil Steam Turbines,mexico,megawatt,,linear_interpolation,none,,,,,mx,,gas steam turbine power plant,,2013.0,764.94,
Fossil Steam Turbines,mexico,megawatt,,linear_interpolation,none,,,,,mx,,petroleum coke steam turbine power plant,,2013.0,580.0,
Fossil Steam Turbines,mexico,megawatt,,linear_interpolation,none,,,,,mx,,distillate oil steam turbine power plant,,2013.0,128.0,
Fossil Steam Turbines,mexico,megawatt,,linear_interpolation,none,,,,,mx,,residual oil steam turbine power plant,,2013.0,11269.38,
Fossil Steam Turbines,mexico,megawatt,,linear_interpolation,none,,,,,mx,,gas steam turbine cogen power plant,,2013.0,214.717,
Fossil Steam Turbines,mexico,megawatt,,linear_interpolation,none,,,,,mx,,gas steam turbine power plant,,2014.0,764.94,
Fossil Steam Turbines,mexico,megawatt,,linear_interpolation,none,,,,,mx,,petroleum coke steam turbine power plant,,2014.0,580.0,
Fossil Steam Turbines,mexico,megawatt,,linear_interpolation,none,,,,,mx,,distillate oil steam turbine power plant,,2014.0,128.0,
Fossil Steam Turbines,mexico,megawatt,,linear_interpolation,none,,,,,mx,,residual oil steam turbine power plant,,2014.0,11269.38,
Fossil Steam Turbines,mexico,megawatt,,linear_interpolation,none,,,,,mx,,gas steam turbine cogen power plant,,2014.0,582.117,
Fossil Steam Turbines,mexico,megawatt,,linear_interpolation,none,,,,,mx,,gas steam turbine power plant,,2015.0,764.94,
Fossil Steam Turbines,mexico,megawatt,,linear_interpolation,none,,,,,mx,,petroleum coke steam turbine power plant,,2015.0,580.0,
Fossil Steam Turbines,mexico,megawatt,,linear_interpolation,none,,,,,mx,,distillate oil steam turbine power plant,,2015.0,128.0,
Fossil Steam Turbines,mexico,megawatt,,linear_interpolation,none,,,,,mx,,residual oil steam turbine power plant,,2015.0,11269.38,
Fossil Steam Turbines,mexico,megawatt,,linear_interpolation,none,,,,,mx,,gas steam turbine cogen power plant,,2015.0,582.117,
Fossil Steam Turbines,mexico,megawatt,,linear_interpolation,none,,,,,mx,,gas steam turbine power plant,,2016.0,1151.89,
Fossil Steam Turbines,mexico,megawatt,,linear_interpolation,none,,,,,mx,,petroleum coke steam turbine power plant,,2016.0,580.0,
Fossil Steam Turbines,mexico,megawatt,,linear_interpolation,none,,,,,mx,,distillate oil steam turbine power plant,,2016.0,128.0,
Fossil Steam Turbines,mexico,megawatt,,linear_interpolation,none,,,,,mx,,residual oil steam turbine power plant,,2016.0,8940.23,
Fossil Steam Turbines,mexico,megawatt,,linear_interpolation,none,,,,,mx,,gas steam turbine cogen power plant,,2016.0,582.117,
Fossil Steam Turbines,mexico,megawatt,,linear_interpolation,none,,,,,mx,,residual oil steam turbine cogen power plant,,2016.0,514.4069999999999,
Geothermal Power Plants,mexico,megawatt,,linear_interpolation,none,,,,,mx,,geothermal power plant,,1973.0,470.0,
Geothermal Power Plants,mexico,megawatt,,linear_interpolation,none,,,,,mx,,geothermal power plant,,1974.0,470.0,
Geothermal Power Plants,mexico,megawatt,,linear_interpolation,none,,,,,mx,,geothermal power plant,,1975.0,470.0,
Geothermal Power Plants,mexico,megawatt,,linear_interpolation,none,,,,,mx,,geothermal power plant,,1976.0,470.0,
Geothermal Power Plants,mexico,megawatt,,linear_interpolation,none,,,,,mx,,geothermal power plant,,1977.0,470.0,
Geothermal Power Plants,mexico,megawatt,,linear_interpolation,none,,,,,mx,,geothermal power plant,,1980.0,470.0,
Geothermal Power Plants,mexico,megawatt,,linear_interpolation,none,,,,,mx,,geothermal power plant,,1981.0,470.0,
Geothermal Power Plants,mexico,megawatt,,linear_interpolation,none,,,,,mx,,geothermal power plant,,1982.0,680.0,
Geothermal Power Plants,mexico,megawatt,,linear_interpolation,none,,,,,mx,,geothermal power plant,,1985.0,680.0,
Geothermal Power Plants,mexico,megawatt,,linear_interpolation,none,,,,,mx,,geothermal power plant,,1986.0,680.0,
Geothermal Power Plants,mexico,megawatt,,linear_interpolation,none,,,,,mx,,geothermal power plant,,1987.0,680.0,
Geothermal Power Plants,mexico,megawatt,,linear_interpolation,none,,,,,mx,,geothermal power plant,,1989.0,680.0,
Geothermal Power Plants,mexico,megawatt,,linear_interpolation,none,,,,,mx,,geothermal power plant,,1990.0,680.0,
Geothermal Power Plants,mexico,megawatt,,linear_interpolation,none,,,,,mx,,geothermal power plant,,1991.0,680.0,
Geothermal Power Plants,mexico,megawatt,,linear_interpolation,none,,,,,mx,,geothermal power plant,,1993.0,680.0,
Geothermal Power Plants,mexico,megawatt,,linear_interpolation,none,,,,,mx,,geothermal power plant,,1994.0,680.0,
Geothermal Power Plants,mexico,megawatt,,linear_interpolation,none,,,,,mx,,geothermal power plant,,1995.0,680.0,
Geothermal Power Plants,mexico,megawatt,,linear_interpolation,none,,,,,mx,,geothermal power plant,,1996.0,680.0,
Geothermal Power Plants,mexico,megawatt,,linear_interpolation,none,,,,,mx,,geothermal power plant,,1998.0,680.0,
Geothermal Power Plants,mexico,megawatt,,linear_interpolation,none,,,,,mx,,geothermal power plant,,1999.0,680.0,
Geothermal Power Plants,mexico,megawatt,,linear_interpolation,none,,,,,mx,,geothermal power plant,,2000.0,925.6,
Geothermal Power Plants,mexico,megawatt,,linear_interpolation,none,,,,,mx,,geothermal power plant,,2001.0,925.6,
Geothermal Power Plants,mexico,megawatt,,linear_interpolation,none,,,,,mx,,geothermal power plant,,2002.0,925.6,
Geothermal Power Plants,mexico,megawatt,,linear_interpolation,none,,,,,mx,,geothermal power plant,,2003.0,925.6,
Geothermal Power Plants,mexico,megawatt,,linear_interpolation,none,,,,,mx,,geothermal power plant,,2004.0,925.6,
Geothermal Power Plants,mexico,megawatt,,linear_interpolation,none,,,,,mx,,geothermal power plant,,2005.0,925.6,
Geothermal Power Plants,mexico,megawatt,,linear_interpolation,none,,,,,mx,,geothermal power plant,,2006.0,925.6,
Geothermal Power Plants,mexico,megawatt,,linear_interpolation,none,,,,,mx,,geothermal power plant,,2007.0,925.6,
Geothermal Power Plants,mexico,megawatt,,linear_interpolation,none,,,,,mx,,geothermal power plant,,2009.0,925.6,
Geothermal Power Plants,mexico,megawatt,,linear_interpolation,none,,,,,mx,,geothermal power plant,,2010.0,925.6,
Geothermal Power Plants,mexico,megawatt,,linear_interpolation,none,,,,,mx,,geothermal power plant,,2012.0,925.6,
Geothermal Power Plants,mexico,megawatt,,linear_interpolation,none,,,,,mx,,geothermal power plant,,2013.0,925.6,
Geothermal Power Plants,mexico,megawatt,,linear_interpolation,none,,,,,mx,,geothermal power plant,,2014.0,925.6,
Geothermal Power Plants,mexico,megawatt,,linear_interpolation,none,,,,,mx,,geothermal power plant,,2015.0,925.6,
Geothermal Power Plants,mexico,megawatt,,linear_interpolation,none,,,,,mx,,geothermal power plant,,2016.0,937.22,
Internal Combustion Engines,mexico,megawatt,,linear_interpolation,none,,,,,mx,,Diesel ICE,,2000.0,656.9060000000001,
Internal Combustion Engines,mexico,megawatt,,linear_interpolation,none,,,,,mx,,Gas ICE,,2000.0,125.756,
Internal Combustion Engines,mexico,megawatt,,linear_interpolation,none,,,,,mx,,Fuel Oil ICE,,2000.0,209.14,
Internal Combustion Engines,mexico,megawatt,,linear_interpolation,none,,,,,mx,,Diesel ICE,,2001.0,656.9060000000001,
Internal Combustion Engines,mexico,megawatt,,linear_interpolation,none,,,,,mx,,Gas ICE,,2001.0,125.756,
Internal Combustion Engines,mexico,megawatt,,linear_interpolation,none,,,,,mx,,Fuel Oil ICE,,2001.0,371.84,
Internal Combustion Engines,mexico,megawatt,,linear_interpolation,none,,,,,mx,,Diesel ICE,,2002.0,656.9060000000001,
Internal Combustion Engines,mexico,megawatt,,linear_interpolation,none,,,,,mx,,Gas ICE,,2002.0,125.756,
Internal Combustion Engines,mexico,megawatt,,linear_interpolation,none,,,,,mx,,Fuel Oil ICE,,2002.0,371.84,
Internal Combustion Engines,mexico,megawatt,,linear_interpolation,none,,,,,mx,,Diesel ICE,,2003.0,656.9060000000001,
Internal Combustion Engines,mexico,megawatt,,linear_interpolation,none,,,,,mx,,Gas ICE,,2003.0,125.756,
Internal Combustion Engines,mexico,megawatt,,linear_interpolation,none,,,,,mx,,Fuel Oil ICE,,2003.0,371.84,
Internal Combustion Engines,mexico,megawatt,,linear_interpolation,none,,,,,mx,,Diesel ICE,,2004.0,656.9060000000001,
Internal Combustion Engines,mexico,megawatt,,linear_interpolation,none,,,,,mx,,Gas ICE,,2004.0,125.756,
Internal Combustion Engines,mexico,megawatt,,linear_interpolation,none,,,,,mx,,Fuel Oil ICE,,2004.0,371.84,
Internal Combustion Engines,mexico,megawatt,,linear_interpolation,none,,,,,mx,,Diesel ICE,,2005.0,656.9060000000001,
Internal Combustion Engines,mexico,megawatt,,linear_interpolation,none,,,,,mx,,Gas ICE,,2005.0,125.756,
Internal Combustion Engines,mexico,megawatt,,linear_interpolation,none,,,,,mx,,Fuel Oil ICE,,2005.0,371.84,
Internal Combustion Engines,mexico,megawatt,,linear_interpolation,none,,,,,mx,,Diesel ICE,,2006.0,656.9060000000001,
Internal Combustion Engines,mexico,megawatt,,linear_interpolation,none,,,,,mx,,Gas ICE,,2006.0,125.756,
Internal Combustion Engines,mexico,megawatt,,linear_interpolation,none,,,,,mx,,Fuel Oil ICE,,2006.0,371.84,
Internal Combustion Engines,mexico,megawatt,,linear_interpolation,none,,,,,mx,,Diesel ICE,,2007.0,656.9060000000001,
Internal Combustion Engines,mexico,megawatt,,linear_interpolation,none,,,,,mx,,Gas ICE,,2007.0,125.756,
Internal Combustion Engines,mexico,megawatt,,linear_interpolation,none,,,,,mx,,Fuel Oil ICE,,2007.0,371.84,
Internal Combustion Engines,mexico,megawatt,,linear_interpolation,none,,,,,mx,,Diesel ICE,,2009.0,656.9060000000001,
Internal Combustion Engines,mexico,megawatt,,linear_interpolation,none,,,,,mx,,Gas ICE,,2009.0,125.756,
Internal Combustion Engines,mexico,megawatt,,linear_interpolation,none,,,,,mx,,Fuel Oil ICE,,2009.0,371.84,
Internal Combustion Engines,mexico,megawatt,,linear_interpolation,none,,,,,mx,,Diesel ICE,,2010.0,656.9060000000001,
Internal Combustion Engines,mexico,megawatt,,linear_interpolation,none,,,,,mx,,Gas ICE,,2010.0,125.756,
Internal Combustion Engines,mexico,megawatt,,linear_interpolation,none,,,,,mx,,Fuel Oil ICE,,2010.0,371.84,
Internal Combustion Engines,mexico,megawatt,,linear_interpolation,none,,,,,mx,,Diesel ICE,,2012.0,656.9060000000001,
Internal Combustion Engines,mexico,megawatt,,linear_interpolation,none,,,,,mx,,Gas ICE,,2012.0,125.756,
Internal Combustion Engines,mexico,megawatt,,linear_interpolation,none,,,,,mx,,Fuel Oil ICE,,2012.0,371.84,
Internal Combustion Engines,mexico,megawatt,,linear_interpolation,none,,,,,mx,,Diesel ICE,,2013.0,656.9060000000001,
Internal Combustion Engines,mexico,megawatt,,linear_interpolation,none,,,,,mx,,Gas ICE,,2013.0,125.756,
Internal Combustion Engines,mexico,megawatt,,linear_interpolation,none,,,,,mx,,Fuel Oil ICE,,2013.0,371.84,
Internal Combustion Engines,mexico,megawatt,,linear_interpolation,none,,,,,mx,,Diesel ICE,,2014.0,656.9060000000001,
Internal Combustion Engines,mexico,megawatt,,linear_interpolation,none,,,,,mx,,Gas ICE,,2014.0,125.756,
Internal Combustion Engines,mexico,megawatt,,linear_interpolation,none,,,,,mx,,Fuel Oil ICE,,2014.0,371.84,
Internal Combustion Engines,mexico,megawatt,,linear_interpolation,none,,,,,mx,,Diesel ICE,,2015.0,656.9060000000001,
Internal Combustion Engines,mexico,megawatt,,linear_interpolation,none,,,,,mx,,Gas ICE,,2015.0,125.756,
Internal Combustion Engines,mexico,megawatt,,linear_interpolation,none,,,,,mx,,Fuel Oil ICE,,2015.0,371.84,
Internal Combustion Engines,mexico,megawatt,,linear_interpolation,none,,,,,mx,,Diesel ICE,,2016.0,656.9060000000001,
Internal Combustion Engines,mexico,megawatt,,linear_interpolation,none,,,,,mx,,Gas ICE,,2016.0,125.756,
Internal Combustion Engines,mexico,megawatt,,linear_interpolation,none,,,,,mx,,Fuel Oil ICE,,2016.0,582.827,
Nuclear Power Plants,mexico,megawatt,,linear_interpolation,nearest,,,,,mx,,nuclear power plant,,1990.0,1510.0,
Nuclear Power Plants,mexico,megawatt,,linear_interpolation,nearest,,,,,mx,,nuclear power plant,,1991.0,1510.0,
Nuclear Power Plants,mexico,megawatt,,linear_interpolation,nearest,,,,,mx,,nuclear power plant,,1993.0,1510.0,
Nuclear Power Plants,mexico,megawatt,,linear_interpolation,nearest,,,,,mx,,nuclear power plant,,1994.0,1510.0,
Nuclear Power Plants,mexico,megawatt,,linear_interpolation,nearest,,,,,mx,,nuclear power plant,,1995.0,1510.0,
Nuclear Power Plants,mexico,megawatt,,linear_interpolation,nearest,,,,,mx,,nuclear power plant,,1996.0,1510.0,
Nuclear Power Plants,mexico,megawatt,,linear_interpolation,nearest,,,,,mx,,nuclear power plant,,1998.0,1510.0,
Nuclear Power Plants,mexico,megawatt,,linear_interpolation,nearest,,,,,mx,,nuclear power plant,,1999.0,1510.0,
Nuclear Power Plants,mexico,megawatt,,linear_interpolation,nearest,,,,,mx,,nuclear power plant,,2000.0,1510.0,
Nuclear Power Plants,mexico,megawatt,,linear_interpolation,nearest,,,,,mx,,nuclear power plant,,2001.0,1510.0,
Nuclear Power Plants,mexico,megawatt,,linear_interpolation,nearest,,,,,mx,,nuclear power plant,,2002.0,1510.0,
Nuclear Power Plants,mexico,megawatt,,linear_interpolation,nearest,,,,,mx,,nuclear power plant,,2003.0,1510.0,
Nuclear Power Plants,mexico,megawatt,,linear_interpolation,nearest,,,,,mx,,nuclear power plant,,2004.0,1510.0,
Nuclear Power Plants,mexico,megawatt,,linear_interpolation,nearest,,,,,mx,,nuclear power plant,,2005.0,1510.0,
Nuclear Power Plants,mexico,megawatt,,linear_interpolation,nearest,,,,,mx,,nuclear power plant,,2006.0,1510.0,
Nuclear Power Plants,mexico,megawatt,,linear_interpolation,nearest,,,,,mx,,nuclear power plant,,2007.0,1510.0,
Nuclear Power Plants,mexico,megawatt,,linear_interpolation,nearest,,,,,mx,,nuclear power plant,,2009.0,1510.0,
Nuclear Power Plants,mexico,megawatt,,linear_interpolation,nearest,,,,,mx,,nuclear power plant,,2010.0,1510.0,
Nuclear Power Plants,mexico,megawatt,,linear_interpolation,nearest,,,,,mx,,nuclear power plant,,2012.0,1510.0,
Nuclear Power Plants,mexico,megawatt,,linear_interpolation,nearest,,,,,mx,,nuclear power plant,,2013.0,1510.0,
Nuclear Power Plants,mexico,megawatt,,linear_interpolation,nearest,,,,,mx,,nuclear power plant,,2014.0,1510.0,
Nuclear Power Plants,mexico,megawatt,,linear_interpolation,nearest,,,,,mx,,nuclear power plant,,2015.0,1510.0,
Nuclear Power Plants,mexico,megawatt,,linear_interpolation,nearest,,,,,mx,,nuclear power plant,,2016.0,1620.0,
Nuclear Power Plants,mexico,megawatt,,linear_interpolation,nearest,,,,,mx,,nuclear power plant,,2017.0,1620.0,
Nuclear Power Plants,mexico,megawatt,,linear_interpolation,nearest,,,,,mx,,nuclear power plant,,2018.0,1620.0,
Nuclear Power Plants,mexico,megawatt,,linear_interpolation,nearest,,,,,mx,,nuclear power plant,,2019.0,1620.0,
Nuclear Power Plants,mexico,megawatt,,linear_interpolation,nearest,,,,,mx,,nuclear power plant,,2020.0,1620.0,
Nuclear Power Plants,mexico,megawatt,,linear_interpolation,nearest,,,,,mx,,nuclear power plant,,2021.0,1620.0,
Nuclear Power Plants,mexico,megawatt,,linear_interpolation,nearest,,,,,mx,,nuclear power plant,,2022.0,1620.0,
Nuclear Power Plants,mexico,megawatt,,linear_interpolation,nearest,,,,,mx,,nuclear power plant,,2023.0,1620.0,
Nuclear Power Plants,mexico,megawatt,,linear_interpolation,nearest,,,,,mx,,nuclear power plant,,2024.0,1620.0,
Nuclear Power Plants,mexico,megawatt,,linear_interpolation,nearest,,,,,mx,,nuclear power plant,,2025.0,1620.0,
Nuclear Power Plants,mexico,megawatt,,linear_interpolation,nearest,,,,,mx,,nuclear power plant,,2026.0,1620.0,
Nuclear Power Plants,mexico,megawatt,,linear_interpolation,nearest,,,,,mx,,nuclear power plant,,2027.0,1620.0,
Nuclear Power Plants,mexico,megawatt,,linear_interpolation,nearest,,,,,mx,,nuclear power plant,,2028.0,2980.3,
Nuclear Power Plants,mexico,megawatt,,linear_interpolation,nearest,,,,,mx,,nuclear power plant,,2029.0,4340.6,
Nuclear Power Plants,mexico,megawatt,,linear_interpolation,nearest,,,,,mx,,nuclear power plant,,2030.0,5700.9,
Onshore Wind,mexico,megawatt,,linear_interpolation,none,,,,,mx,,Onshore wind power plant,1.0,1994.0,187.05,
Onshore Wind,mexico,megawatt,,linear_interpolation,none,,,,,mx,,Onshore wind power plant,1.0,1995.0,187.05,
Onshore Wind,mexico,megawatt,,linear_interpolation,none,,,,,mx,,Onshore wind power plant,1.0,1996.0,187.05,
Onshore Wind,mexico,megawatt,,linear_interpolation,none,,,,,mx,,Onshore wind power plant,1.0,1998.0,187.05,
Onshore Wind,mexico,megawatt,,linear_interpolation,none,,,,,mx,,Onshore wind power plant,1.0,1999.0,187.05,
Onshore Wind,mexico,megawatt,,linear_interpolation,none,,,,,mx,,Onshore wind power plant,1.0,2000.0,1037.1,
Onshore Wind,mexico,megawatt,,linear_interpolation,none,,,,,mx,,Onshore wind power plant,1.0,2001.0,1037.1,
Onshore Wind,mexico,megawatt,,linear_interpolation,none,,,,,mx,,Onshore wind power plant,1.0,2002.0,1037.1,
Onshore Wind,mexico,megawatt,,linear_interpolation,none,,,,,mx,,Onshore wind power plant,1.0,2003.0,1037.1,
Onshore Wind,mexico,megawatt,,linear_interpolation,none,,,,,mx,,Onshore wind power plant,1.0,2004.0,1037.1,
Onshore Wind,mexico,megawatt,,linear_interpolation,none,,,,,mx,,Onshore wind power plant,1.0,2005.0,1037.1,
Onshore Wind,mexico,megawatt,,linear_interpolation,none,,,,,mx,,Onshore wind power plant,1.0,2006.0,1037.1,
Onshore Wind,mexico,megawatt,,linear_interpolation,none,,,,,mx,,Onshore wind power plant,1.0,2007.0,1037.1,
Onshore Wind,mexico,megawatt,,linear_interpolation,none,,,,,mx,,Onshore wind power plant,1.0,2009.0,1287.6,
Onshore Wind,mexico,megawatt,,linear_interpolation,none,,,,,mx,,Onshore wind power plant,1.0,2010.0,1389.6,
Onshore Wind,mexico,megawatt,,linear_interpolation,none,,,,,mx,,Onshore wind power plant,1.0,2012.0,1935.1,
Onshore Wind,mexico,megawatt,,linear_interpolation,none,,,,,mx,,Onshore wind power plant,1.0,2013.0,2259.1,
Onshore Wind,mexico,megawatt,,linear_interpolation,none,,,,,mx,,Onshore wind power plant,1.0,2014.0,2693.1,
Onshore Wind,mexico,megawatt,,linear_interpolation,none,,,,,mx,,Onshore wind power plant,1.0,2015.0,2849.1,
Onshore Wind,mexico,megawatt,,linear_interpolation,none,,,,,mx,,Onshore wind power plant,1.0,2016.0,3860.67,
Transmission-Sited Solar PV,mexico,megawatt,,linear_interpolation,none,,,,,mx,,transmission-sited solar PV power plant,,2000.0,56.33908,
Transmission-Sited Solar PV,mexico,megawatt,,linear_interpolation,none,,,,,mx,,transmission-sited solar PV power plant,,2001.0,56.33908,
Transmission-Sited Solar PV,mexico,megawatt,,linear_interpolation,none,,,,,mx,,transmission-sited solar PV power plant,,2002.0,56.33908,
Transmission-Sited Solar PV,mexico,megawatt,,linear_interpolation,none,,,,,mx,,transmission-sited solar PV power plant,,2003.0,56.33908,
Transmission-Sited Solar PV,mexico,megawatt,,linear_interpolation,none,,,,,mx,,transmission-sited solar PV power plant,,2004.0,56.33908,
Transmission-Sited Solar PV,mexico,megawatt,,linear_interpolation,none,,,,,mx,,transmission-sited solar PV power plant,,2005.0,56.33908,
Transmission-Sited Solar PV,mexico,megawatt,,linear_interpolation,none,,,,,mx,,transmission-sited solar PV power plant,,2006.0,56.33908,
Transmission-Sited Solar PV,mexico,megawatt,,linear_interpolation,none,,,,,mx,,transmission-sited solar PV power plant,,2007.0,56.33908,
Transmission-Sited Solar PV,mexico,megawatt,,linear_interpolation,none,,,,,mx,,transmission-sited solar PV power plant,,2009.0,56.33908,
Transmission-Sited Solar PV,mexico,megawatt,,linear_interpolation,none,,,,,mx,,transmission-sited solar PV power plant,,2010.0,56.33908,
Transmission-Sited Solar PV,mexico,megawatt,,linear_interpolation,none,,,,,mx,,transmission-sited solar PV power plant,,2012.0,56.33908,
Transmission-Sited Solar PV,mexico,megawatt,,linear_interpolation,none,,,,,mx,,transmission-sited solar PV power plant,,2013.0,56.33908,
Transmission-Sited Solar PV,mexico,megawatt,,linear_interpolation,none,,,,,mx,,transmission-sited solar PV power plant,,2014.0,56.33908,
Transmission-Sited Solar PV,mexico,megawatt,,linear_interpolation,none,,,,,mx,,transmission-sited solar PV power plant,,2015.0,56.33908,
Transmission-Sited Solar PV,mexico,megawatt,,linear_interpolation,none,,,,,mx,,transmission-sited solar PV power plant,,2016.0,1031.27,
